-- MySQL dump 10.13  Distrib 8.0.21, for Win64 (x86_64)
--
-- Host: localhost    Database: vk
-- ------------------------------------------------------
-- Server version	8.0.21

/*!40101 SET @OLD_CHARACTER_SET_CLIENT=@@CHARACTER_SET_CLIENT */;
/*!40101 SET @OLD_CHARACTER_SET_RESULTS=@@CHARACTER_SET_RESULTS */;
/*!40101 SET @OLD_COLLATION_CONNECTION=@@COLLATION_CONNECTION */;
/*!50503 SET NAMES utf8mb4 */;
/*!40103 SET @OLD_TIME_ZONE=@@TIME_ZONE */;
/*!40103 SET TIME_ZONE='+00:00' */;
/*!40014 SET @OLD_UNIQUE_CHECKS=@@UNIQUE_CHECKS, UNIQUE_CHECKS=0 */;
/*!40014 SET @OLD_FOREIGN_KEY_CHECKS=@@FOREIGN_KEY_CHECKS, FOREIGN_KEY_CHECKS=0 */;
/*!40101 SET @OLD_SQL_MODE=@@SQL_MODE, SQL_MODE='NO_AUTO_VALUE_ON_ZERO' */;
/*!40111 SET @OLD_SQL_NOTES=@@SQL_NOTES, SQL_NOTES=0 */;

--
-- Table structure for table `cities`
--

DROP TABLE IF EXISTS `cities`;
/*!40101 SET @saved_cs_client     = @@character_set_client */;
/*!50503 SET character_set_client = utf8mb4 */;
CREATE TABLE `cities` (
  `id` int unsigned NOT NULL AUTO_INCREMENT COMMENT 'Идентификатор строки',
  `country_id` int unsigned DEFAULT NULL,
  `name` varchar(50) NOT NULL COMMENT 'Название города',
  `created_at` datetime DEFAULT CURRENT_TIMESTAMP COMMENT 'Время создания строки',
  `updated_at` datetime DEFAULT CURRENT_TIMESTAMP ON UPDATE CURRENT_TIMESTAMP COMMENT 'Время обновления строки',
  PRIMARY KEY (`id`),
  UNIQUE KEY `name` (`name`),
  KEY `cities_country_id_fk` (`country_id`),
  CONSTRAINT `cities_country_id_fk` FOREIGN KEY (`country_id`) REFERENCES `countries` (`id`) ON DELETE SET NULL
) ENGINE=InnoDB AUTO_INCREMENT=101 DEFAULT CHARSET=utf8mb4 COLLATE=utf8mb4_0900_ai_ci COMMENT='Список стран';
/*!40101 SET character_set_client = @saved_cs_client */;

--
-- Dumping data for table `cities`
--

LOCK TABLES `cities` WRITE;
/*!40000 ALTER TABLE `cities` DISABLE KEYS */;
INSERT INTO `cities` VALUES (1,30,'North Tyreeburgh','2020-10-21 06:55:03','2020-10-21 06:59:06'),(2,70,'South Clifford','2020-10-21 06:55:03','2020-10-21 06:59:06'),(3,28,'South Richardton','2020-10-21 06:55:03','2020-10-21 06:59:06'),(4,7,'Koelpinborough','2020-10-21 06:55:03','2020-10-21 06:59:06'),(5,29,'Lucyfurt','2020-10-21 06:55:03','2020-10-21 06:59:06'),(6,46,'Cummeratahaven','2020-10-21 06:55:03','2020-10-21 06:59:06'),(7,64,'Port Riverborough','2020-10-21 06:55:03','2020-10-21 06:59:06'),(8,30,'Citlalliside','2020-10-21 06:55:03','2020-10-21 06:59:06'),(9,35,'Wildermanfurt','2020-10-21 06:55:03','2020-10-21 06:59:06'),(10,5,'North Asia','2020-10-21 06:55:03','2020-10-21 06:59:06'),(11,72,'South Charlene','2020-10-21 06:55:03','2020-10-21 06:59:06'),(12,40,'Harberside','2020-10-21 06:55:03','2020-10-21 06:59:06'),(13,61,'Vandervortburgh','2020-10-21 06:55:03','2020-10-21 06:59:06'),(14,28,'South Lucytown','2020-10-21 06:55:03','2020-10-21 06:59:06'),(15,36,'New Ruby','2020-10-21 06:55:03','2020-10-21 06:59:06'),(16,19,'North Geovanniland','2020-10-21 06:55:03','2020-10-21 06:59:06'),(17,60,'Pedroton','2020-10-21 06:55:03','2020-10-21 06:59:06'),(18,15,'Emardstad','2020-10-21 06:55:03','2020-10-21 06:59:06'),(19,47,'Stoltenbergchester','2020-10-21 06:55:03','2020-10-21 06:59:06'),(20,36,'Schummmouth','2020-10-21 06:55:03','2020-10-21 06:59:06'),(21,38,'New Millie','2020-10-21 06:55:03','2020-10-21 06:59:06'),(22,4,'Port Majortown','2020-10-21 06:55:03','2020-10-21 06:59:06'),(23,61,'Pfeffermouth','2020-10-21 06:55:03','2020-10-21 06:59:06'),(24,59,'Heavenland','2020-10-21 06:55:03','2020-10-21 06:59:06'),(25,34,'South Ciceromouth','2020-10-21 06:55:03','2020-10-21 06:59:06'),(26,72,'North Ignacioland','2020-10-21 06:55:03','2020-10-21 06:59:06'),(27,27,'East Lelia','2020-10-21 06:55:03','2020-10-21 06:59:06'),(28,74,'North Aubreeport','2020-10-21 06:55:03','2020-10-21 06:59:06'),(29,54,'North Meghanchester','2020-10-21 06:55:03','2020-10-21 06:59:06'),(30,50,'Siennamouth','2020-10-21 06:55:03','2020-10-21 06:59:06'),(31,9,'West Randishire','2020-10-21 06:55:03','2020-10-21 06:59:06'),(32,47,'Kianbury','2020-10-21 06:55:03','2020-10-21 06:59:06'),(33,56,'Framifurt','2020-10-21 06:55:03','2020-10-21 06:59:06'),(34,59,'Lake Calista','2020-10-21 06:55:03','2020-10-21 06:59:06'),(35,49,'Demetriusbury','2020-10-21 06:55:03','2020-10-21 06:59:06'),(36,70,'Bogisichtown','2020-10-21 06:55:03','2020-10-21 06:59:06'),(37,47,'Jacobsmouth','2020-10-21 06:55:03','2020-10-21 06:59:06'),(38,25,'New Noratown','2020-10-21 06:55:03','2020-10-21 06:59:06'),(39,62,'Uptonburgh','2020-10-21 06:55:03','2020-10-21 06:59:06'),(40,3,'New Jenastad','2020-10-21 06:55:03','2020-10-21 06:59:06'),(41,59,'Colliershire','2020-10-21 06:55:03','2020-10-21 06:59:06'),(42,55,'Wisokychester','2020-10-21 06:55:03','2020-10-21 06:59:06'),(43,21,'Juanafurt','2020-10-21 06:55:03','2020-10-21 06:59:06'),(44,15,'Trishabury','2020-10-21 06:55:03','2020-10-21 06:59:06'),(45,10,'Cliftonfort','2020-10-21 06:55:03','2020-10-21 06:59:06'),(46,8,'Lake Shaniyamouth','2020-10-21 06:55:03','2020-10-21 06:59:06'),(47,9,'West Marielle','2020-10-21 06:55:03','2020-10-21 06:59:06'),(48,18,'Vernaburgh','2020-10-21 06:55:03','2020-10-21 06:59:06'),(49,64,'Effertzport','2020-10-21 06:55:03','2020-10-21 06:59:06'),(50,33,'Madelinemouth','2020-10-21 06:55:03','2020-10-21 06:59:06'),(51,50,'Port Annabell','2020-10-21 06:55:03','2020-10-21 06:59:06'),(52,73,'McGlynntown','2020-10-21 06:55:03','2020-10-21 06:59:06'),(53,62,'New Hildaside','2020-10-21 06:55:03','2020-10-21 06:59:06'),(54,15,'South Mortonshire','2020-10-21 06:55:03','2020-10-21 06:59:06'),(55,39,'Port Kody','2020-10-21 06:55:03','2020-10-21 06:59:06'),(56,75,'West Leonelburgh','2020-10-21 06:55:03','2020-10-21 06:59:06'),(57,27,'Lake Malinda','2020-10-21 06:55:03','2020-10-21 06:59:06'),(58,62,'Kshlerinburgh','2020-10-21 06:55:03','2020-10-21 06:59:06'),(59,75,'New Annetteland','2020-10-21 06:55:03','2020-10-21 06:59:06'),(60,33,'Port Miguelport','2020-10-21 06:55:03','2020-10-21 06:59:06'),(61,20,'North Amie','2020-10-21 06:55:03','2020-10-21 06:59:06'),(62,74,'Sengerchester','2020-10-21 06:55:03','2020-10-21 06:59:06'),(63,3,'Leraton','2020-10-21 06:55:03','2020-10-21 06:59:06'),(64,25,'East Vickieshire','2020-10-21 06:55:03','2020-10-21 06:59:06'),(65,35,'Port Jamarcusfurt','2020-10-21 06:55:03','2020-10-21 06:59:06'),(66,25,'Okunevafurt','2020-10-21 06:55:03','2020-10-21 06:59:06'),(67,19,'Feeneyland','2020-10-21 06:55:03','2020-10-21 06:59:06'),(68,21,'Yasmeenstad','2020-10-21 06:55:03','2020-10-21 06:59:06'),(69,44,'Evalynborough','2020-10-21 06:55:03','2020-10-21 06:59:06'),(70,6,'West Delfina','2020-10-21 06:55:03','2020-10-21 06:59:06'),(71,49,'Hettingerland','2020-10-21 06:55:03','2020-10-21 06:59:06'),(72,72,'Sydneyland','2020-10-21 06:55:03','2020-10-21 06:59:06'),(73,59,'Port Lazaroland','2020-10-21 06:55:03','2020-10-21 06:59:06'),(74,1,'New Anaview','2020-10-21 06:55:03','2020-10-21 06:59:06'),(75,61,'Lake Nicklaus','2020-10-21 06:55:03','2020-10-21 06:59:06'),(76,68,'West Joanniefort','2020-10-21 06:55:03','2020-10-21 06:59:06'),(77,2,'Lilianaside','2020-10-21 06:55:03','2020-10-21 06:59:06'),(78,38,'West Meggieside','2020-10-21 06:55:03','2020-10-21 06:59:06'),(79,28,'West Caden','2020-10-21 06:55:03','2020-10-21 06:59:06'),(80,25,'Astridport','2020-10-21 06:55:03','2020-10-21 06:59:06'),(81,43,'South Breanafort','2020-10-21 06:55:03','2020-10-21 06:59:06'),(82,62,'Sanfordtown','2020-10-21 06:55:03','2020-10-21 06:59:06'),(83,27,'West Damianchester','2020-10-21 06:55:03','2020-10-21 06:59:06'),(84,24,'D\'Amorehaven','2020-10-21 06:55:03','2020-10-21 06:59:06'),(85,40,'East Joshua','2020-10-21 06:55:03','2020-10-21 06:59:06'),(86,48,'Port Camren','2020-10-21 06:55:03','2020-10-21 06:59:06'),(87,46,'West Diannaborough','2020-10-21 06:55:03','2020-10-21 06:59:06'),(88,6,'Stehrfort','2020-10-21 06:55:03','2020-10-21 06:59:06'),(89,45,'North Stephany','2020-10-21 06:55:03','2020-10-21 06:59:06'),(90,53,'West Elisabeth','2020-10-21 06:55:03','2020-10-21 06:59:06'),(91,53,'Simonischester','2020-10-21 06:55:03','2020-10-21 06:59:06'),(92,29,'Medhurstchester','2020-10-21 06:55:03','2020-10-21 06:59:06'),(93,64,'Davisshire','2020-10-21 06:55:03','2020-10-21 06:59:06'),(94,1,'Bergstromton','2020-10-21 06:55:03','2020-10-21 06:59:06'),(95,42,'Carrollside','2020-10-21 06:55:03','2020-10-21 06:59:06'),(96,53,'New Darwinfort','2020-10-21 06:55:03','2020-10-21 06:59:06'),(97,62,'East Arjun','2020-10-21 06:55:03','2020-10-21 06:59:06'),(98,72,'Anaiston','2020-10-21 06:55:03','2020-10-21 06:59:06'),(99,22,'East Elzachester','2020-10-21 06:55:03','2020-10-21 06:59:06'),(100,46,'Lake Amaliabury','2020-10-21 06:55:03','2020-10-21 06:59:06');
/*!40000 ALTER TABLE `cities` ENABLE KEYS */;
UNLOCK TABLES;

--
-- Table structure for table `communities`
--

DROP TABLE IF EXISTS `communities`;
/*!40101 SET @saved_cs_client     = @@character_set_client */;
/*!50503 SET character_set_client = utf8mb4 */;
CREATE TABLE `communities` (
  `id` int unsigned NOT NULL AUTO_INCREMENT COMMENT 'ðÿð┤ðÁð¢Ðéð©Ðäð©ð║ð░Ðéð¥ÐÇ ÐüÐÇð¥ð║ð©',
  `name` varchar(150) CHARACTER SET utf8 COLLATE utf8_unicode_ci NOT NULL COMMENT 'ðØð░ðÀð▓ð░ð¢ð©ðÁ ð│ÐÇÐâð┐ð┐Ðï',
  `created_at` datetime DEFAULT CURRENT_TIMESTAMP COMMENT 'ðÆÐÇðÁð╝ÐÅ Ðüð¥ðÀð┤ð░ð¢ð©ÐÅ ÐüÐéÐÇð¥ð║ð©',
  `updated_at` datetime DEFAULT CURRENT_TIMESTAMP ON UPDATE CURRENT_TIMESTAMP COMMENT 'ðÆÐÇðÁð╝ÐÅ ð¥ð▒ð¢ð¥ð▓ð╗ðÁð¢ð©ÐÅ ÐüÐéÐÇð¥ð║ð©',
  PRIMARY KEY (`id`),
  UNIQUE KEY `name` (`name`)
) ENGINE=InnoDB AUTO_INCREMENT=31 DEFAULT CHARSET=utf8 COLLATE=utf8_unicode_ci COMMENT='ðôÐÇÐâð┐ð┐Ðï';
/*!40101 SET character_set_client = @saved_cs_client */;

--
-- Dumping data for table `communities`
--

LOCK TABLES `communities` WRITE;
/*!40000 ALTER TABLE `communities` DISABLE KEYS */;
INSERT INTO `communities` VALUES (1,'quas','2010-02-18 03:15:45','2017-07-18 23:21:23'),(2,'ipsa','1996-11-04 08:10:52','2020-10-21 07:56:33'),(3,'assumenda','2001-12-28 22:32:07','2020-10-21 07:56:33'),(4,'minima','2005-05-02 10:00:12','2020-10-21 07:56:33'),(5,'odit','1992-02-04 21:18:34','2005-12-13 00:06:36'),(6,'et','1971-10-29 14:29:30','1974-03-28 04:26:18'),(7,'ut','1987-04-22 01:20:42','2019-09-12 14:58:47'),(8,'voluptates','1976-08-29 10:26:36','2015-05-19 11:46:16'),(9,'sed','2012-11-17 21:29:25','2020-10-21 07:56:33'),(10,'velit','1978-12-02 20:44:00','2006-03-17 04:42:43'),(11,'qui','2012-05-19 01:23:10','2020-10-21 07:56:33'),(12,'rerum','2011-05-31 08:10:50','2020-10-21 07:56:33'),(13,'iste','1994-03-29 18:39:15','2008-10-16 09:24:04'),(14,'perferendis','1995-06-30 16:20:12','2020-09-05 13:28:53'),(15,'dolores','1989-08-15 18:07:31','1992-06-03 04:35:25'),(16,'dolor','2020-02-09 07:27:12','2020-10-21 07:56:33'),(17,'consequatur','2015-01-01 07:44:32','2020-10-21 07:56:33'),(18,'hic','1996-04-11 01:31:01','2020-10-21 07:56:33'),(19,'accusamus','1990-04-12 17:42:32','2019-08-21 19:36:14'),(20,'sit','2001-10-12 12:50:05','2020-10-21 07:56:33'),(21,'quia','1977-12-03 04:46:06','2019-06-06 16:23:30'),(22,'voluptatem','2013-06-12 11:08:44','2017-01-22 20:59:34'),(23,'ratione','1991-10-01 03:13:22','2014-02-07 21:13:26'),(24,'nostrum','1971-09-20 10:29:10','2020-10-21 07:56:33'),(25,'est','2013-06-22 10:10:22','2020-10-21 07:56:33'),(26,'amet','2019-08-18 02:08:22','2020-10-21 07:56:33'),(27,'architecto','2001-01-15 01:11:57','2007-07-30 01:35:49'),(28,'nemo','2020-03-09 02:51:15','2020-10-21 07:56:33'),(29,'odio','1994-06-03 16:37:07','2013-04-10 18:18:10'),(30,'commodi','1987-01-31 14:31:32','1989-08-19 10:42:46');
/*!40000 ALTER TABLE `communities` ENABLE KEYS */;
UNLOCK TABLES;

--
-- Table structure for table `communities_users`
--

DROP TABLE IF EXISTS `communities_users`;
/*!40101 SET @saved_cs_client     = @@character_set_client */;
/*!50503 SET character_set_client = utf8mb4 */;
CREATE TABLE `communities_users` (
  `community_id` int unsigned NOT NULL COMMENT 'ðíÐüÐïð╗ð║ð░ ð¢ð░ ð│ÐÇÐâð┐ð┐Ðâ',
  `user_id` int unsigned NOT NULL COMMENT 'ðíÐüÐïð╗ð║ð░ ð¢ð░ ð┐ð¥ð╗ÐîðÀð¥ð▓ð░ÐéðÁð╗ÐÅ',
  `created_at` datetime DEFAULT CURRENT_TIMESTAMP COMMENT 'ðÆÐÇðÁð╝ÐÅ Ðüð¥ðÀð┤ð░ð¢ð©ÐÅ ÐüÐéÐÇð¥ð║ð©',
  PRIMARY KEY (`community_id`,`user_id`) COMMENT 'ðíð¥ÐüÐéð░ð▓ð¢ð¥ð╣ ð┐ðÁÐÇð▓ð©Ðçð¢Ðïð╣ ð║ð╗ÐÄÐç',
  KEY `communities_users_user_id_fk` (`user_id`),
  CONSTRAINT `communities_users_community_id_fk` FOREIGN KEY (`community_id`) REFERENCES `communities` (`id`) ON DELETE CASCADE,
  CONSTRAINT `communities_users_user_id_fk` FOREIGN KEY (`user_id`) REFERENCES `users` (`id`) ON DELETE CASCADE
) ENGINE=InnoDB DEFAULT CHARSET=utf8 COLLATE=utf8_unicode_ci COMMENT='ðúÐçð░ÐüÐéð¢ð©ð║ð© ð│ÐÇÐâð┐ð┐, Ðüð▓ÐÅðÀÐî ð╝ðÁðÂð┤Ðâ ð┐ð¥ð╗ÐîðÀð¥ð▓ð░ÐéðÁð╗ÐÅð╝ð© ð© ð│ÐÇÐâð┐ð┐ð░ð╝ð©';
/*!40101 SET character_set_client = @saved_cs_client */;

--
-- Dumping data for table `communities_users`
--

LOCK TABLES `communities_users` WRITE;
/*!40000 ALTER TABLE `communities_users` DISABLE KEYS */;
INSERT INTO `communities_users` VALUES (1,1,'2009-03-25 01:49:00'),(1,31,'1979-12-22 05:32:05'),(1,61,'1980-01-12 10:15:09'),(1,91,'2001-08-12 02:03:48'),(2,2,'1991-05-16 15:39:08'),(2,32,'1990-04-03 13:27:40'),(2,62,'1981-10-06 11:58:16'),(2,92,'2002-03-18 11:29:39'),(3,3,'2016-07-16 13:58:02'),(3,33,'1973-11-30 21:28:37'),(3,63,'1971-03-30 19:38:14'),(3,93,'1981-05-20 11:31:37'),(4,4,'1982-07-31 13:36:05'),(4,34,'1982-07-31 07:43:42'),(4,64,'1981-11-30 10:53:35'),(4,94,'2004-12-07 05:09:32'),(5,5,'1975-05-24 00:28:16'),(5,35,'2013-06-20 01:34:52'),(5,65,'2005-06-23 14:55:24'),(5,95,'2006-12-26 09:17:48'),(6,6,'1985-12-24 07:30:41'),(6,36,'1979-09-08 06:16:33'),(6,66,'1989-04-02 02:18:34'),(6,96,'1982-01-29 10:00:41'),(7,7,'2005-07-04 07:06:00'),(7,37,'1989-09-01 01:38:32'),(7,67,'1976-11-26 07:13:31'),(7,97,'2020-06-21 01:46:11'),(8,8,'1972-10-17 02:55:35'),(8,38,'1980-11-16 07:37:56'),(8,68,'1973-11-30 04:26:35'),(8,98,'1988-03-07 19:44:02'),(9,9,'2008-03-30 14:15:41'),(9,39,'1985-07-13 13:41:14'),(9,69,'2014-08-03 22:41:39'),(9,99,'1994-04-12 16:37:45'),(10,10,'1988-03-14 04:30:26'),(10,40,'2013-12-15 16:25:57'),(10,70,'2011-08-14 17:31:15'),(10,100,'2006-09-29 10:28:44'),(11,11,'2005-06-18 06:08:42'),(11,41,'2014-06-13 20:02:16'),(11,71,'2010-04-06 06:46:26'),(12,12,'1997-06-04 00:30:43'),(12,42,'2006-05-03 07:29:39'),(12,72,'1986-05-17 04:28:55'),(13,13,'1982-06-24 05:33:18'),(13,43,'1990-01-10 23:13:37'),(13,73,'1999-03-17 11:45:12'),(14,14,'2005-08-20 11:00:50'),(14,44,'2008-02-10 16:40:19'),(14,74,'2019-03-17 03:36:48'),(15,15,'2016-12-30 09:25:57'),(15,45,'1970-07-21 01:10:12'),(15,75,'2007-07-29 16:27:30'),(16,16,'2010-01-18 23:33:29'),(16,46,'2016-07-22 07:54:10'),(16,76,'1990-09-20 16:12:12'),(17,17,'1993-06-16 16:12:24'),(17,47,'1999-02-05 23:18:17'),(17,77,'1970-10-09 16:32:55'),(18,18,'2016-08-23 03:19:28'),(18,48,'1979-10-15 05:40:15'),(18,78,'1989-08-06 20:33:49'),(19,19,'1980-03-27 15:31:35'),(19,49,'1995-06-09 18:29:03'),(19,79,'2004-10-03 13:23:35'),(20,20,'2003-02-10 20:43:31'),(20,50,'1997-01-16 00:02:48'),(20,80,'1986-07-08 12:51:52'),(21,21,'2005-02-26 18:57:48'),(21,51,'2005-07-27 03:50:31'),(21,81,'1983-12-02 07:45:27'),(22,22,'2000-03-19 23:50:16'),(22,52,'1989-03-13 11:35:32'),(22,82,'1974-06-27 09:58:54'),(23,23,'2016-02-17 02:22:06'),(23,53,'2020-08-22 17:45:49'),(23,83,'1979-07-28 01:54:33'),(24,24,'1977-08-26 04:59:07'),(24,54,'1980-09-15 12:50:33'),(24,84,'2020-09-19 17:52:26'),(25,25,'2003-03-11 18:55:11'),(25,55,'1988-05-05 03:22:40'),(25,85,'2019-02-03 17:45:06'),(26,26,'1984-06-11 20:07:08'),(26,56,'1972-12-24 09:10:16'),(26,86,'2003-07-06 06:28:24'),(27,27,'1994-10-02 11:47:06'),(27,57,'1977-01-10 15:49:15'),(27,87,'2000-11-22 19:33:51'),(28,28,'1974-09-11 18:02:18'),(28,58,'1995-10-13 14:38:07'),(28,88,'1998-07-03 13:48:02'),(29,29,'1985-11-25 10:51:20'),(29,59,'2001-06-13 15:56:20'),(29,89,'1997-06-13 06:50:22'),(30,30,'2014-06-15 03:30:00'),(30,60,'2006-02-03 05:10:48'),(30,90,'2019-01-19 17:28:49');
/*!40000 ALTER TABLE `communities_users` ENABLE KEYS */;
UNLOCK TABLES;

--
-- Table structure for table `countries`
--

DROP TABLE IF EXISTS `countries`;
/*!40101 SET @saved_cs_client     = @@character_set_client */;
/*!50503 SET character_set_client = utf8mb4 */;
CREATE TABLE `countries` (
  `id` int unsigned NOT NULL AUTO_INCREMENT COMMENT 'Идентификатор строки',
  `name` varchar(50) NOT NULL COMMENT 'Название страны',
  `created_at` datetime DEFAULT CURRENT_TIMESTAMP COMMENT 'Время создания строки',
  `updated_at` datetime DEFAULT CURRENT_TIMESTAMP ON UPDATE CURRENT_TIMESTAMP COMMENT 'Время обновления строки',
  PRIMARY KEY (`id`),
  UNIQUE KEY `name` (`name`)
) ENGINE=InnoDB AUTO_INCREMENT=78 DEFAULT CHARSET=utf8mb4 COLLATE=utf8mb4_0900_ai_ci COMMENT='Список стран';
/*!40101 SET character_set_client = @saved_cs_client */;

--
-- Dumping data for table `countries`
--

LOCK TABLES `countries` WRITE;
/*!40000 ALTER TABLE `countries` DISABLE KEYS */;
INSERT INTO `countries` VALUES (1,'Barbados','2020-10-21 06:57:31','2020-10-21 06:57:31'),(2,'Thailand','2020-10-21 06:57:31','2020-10-21 06:57:31'),(3,'Ukraine','2020-10-21 06:57:31','2020-10-21 06:57:31'),(4,'Poland','2020-10-21 06:57:31','2020-10-21 06:57:31'),(5,'Chile','2020-10-21 06:57:31','2020-10-21 06:57:31'),(6,'Ghana','2020-10-21 06:57:31','2020-10-21 06:57:31'),(7,'Botswana','2020-10-21 06:57:31','2020-10-21 06:57:31'),(8,'Tokelau','2020-10-21 06:57:31','2020-10-21 06:57:31'),(9,'Cuba','2020-10-21 06:57:31','2020-10-21 06:57:31'),(10,'Fiji','2020-10-21 06:57:31','2020-10-21 06:57:31'),(11,'Aruba','2020-10-21 06:57:31','2020-10-21 06:57:31'),(12,'French Guiana','2020-10-21 06:57:31','2020-10-21 06:57:31'),(13,'Colombia','2020-10-21 06:57:31','2020-10-21 06:57:31'),(14,'Seychelles','2020-10-21 06:57:31','2020-10-21 06:57:31'),(15,'Kazakhstan','2020-10-21 06:57:31','2020-10-21 06:57:31'),(16,'Western Sahara','2020-10-21 06:57:31','2020-10-21 06:57:31'),(17,'Comoros','2020-10-21 06:57:31','2020-10-21 06:57:31'),(18,'Guinea-Bissau','2020-10-21 06:57:31','2020-10-21 06:57:31'),(19,'Tonga','2020-10-21 06:57:31','2020-10-21 06:57:31'),(20,'Sudan','2020-10-21 06:57:31','2020-10-21 06:57:31'),(21,'Svalbard & Jan Mayen Islands','2020-10-21 06:57:31','2020-10-21 06:57:31'),(22,'United States Minor Outlying Islands','2020-10-21 06:57:31','2020-10-21 06:57:31'),(23,'San Marino','2020-10-21 06:57:31','2020-10-21 06:57:31'),(24,'Senegal','2020-10-21 06:57:31','2020-10-21 06:57:31'),(25,'Dominica','2020-10-21 06:57:31','2020-10-21 06:57:31'),(26,'Malta','2020-10-21 06:57:31','2020-10-21 06:57:31'),(27,'India','2020-10-21 06:57:31','2020-10-21 06:57:31'),(28,'Norfolk Island','2020-10-21 06:57:31','2020-10-21 06:57:31'),(29,'Puerto Rico','2020-10-21 06:57:31','2020-10-21 06:57:31'),(30,'American Samoa','2020-10-21 06:57:31','2020-10-21 06:57:31'),(31,'Georgia','2020-10-21 06:57:31','2020-10-21 06:57:31'),(32,'Turkey','2020-10-21 06:57:31','2020-10-21 06:57:31'),(33,'Austria','2020-10-21 06:57:31','2020-10-21 06:57:31'),(34,'Algeria','2020-10-21 06:57:31','2020-10-21 06:57:31'),(35,'British Virgin Islands','2020-10-21 06:57:31','2020-10-21 06:57:31'),(36,'Falkland Islands (Malvinas)','2020-10-21 06:57:31','2020-10-21 06:57:31'),(37,'Sri Lanka','2020-10-21 06:57:31','2020-10-21 06:57:31'),(38,'Switzerland','2020-10-21 06:57:31','2020-10-21 06:57:31'),(39,'Pitcairn Islands','2020-10-21 06:57:31','2020-10-21 06:57:31'),(40,'Zimbabwe','2020-10-21 06:57:31','2020-10-21 06:57:31'),(41,'Albania','2020-10-21 06:57:31','2020-10-21 06:57:31'),(42,'Japan','2020-10-21 06:57:31','2020-10-21 06:57:31'),(43,'Costa Rica','2020-10-21 06:57:31','2020-10-21 06:57:31'),(44,'Holy See (Vatican City State)','2020-10-21 06:57:31','2020-10-21 06:57:31'),(45,'Korea','2020-10-21 06:57:31','2020-10-21 06:57:31'),(46,'Finland','2020-10-21 06:57:31','2020-10-21 06:57:31'),(47,'Timor-Leste','2020-10-21 06:57:31','2020-10-21 06:57:31'),(48,'Saint Kitts and Nevis','2020-10-21 06:57:31','2020-10-21 06:57:31'),(49,'Mayotte','2020-10-21 06:57:31','2020-10-21 06:57:31'),(50,'Syrian Arab Republic','2020-10-21 06:57:31','2020-10-21 06:57:31'),(51,'Papua New Guinea','2020-10-21 06:57:31','2020-10-21 06:57:31'),(52,'Jordan','2020-10-21 06:57:31','2020-10-21 06:57:31'),(53,'South Africa','2020-10-21 06:57:31','2020-10-21 06:57:31'),(54,'Mauritania','2020-10-21 06:57:31','2020-10-21 06:57:31'),(55,'Maldives','2020-10-21 06:57:31','2020-10-21 06:57:31'),(56,'Equatorial Guinea','2020-10-21 06:57:31','2020-10-21 06:57:31'),(57,'Cape Verde','2020-10-21 06:57:31','2020-10-21 06:57:31'),(58,'Guernsey','2020-10-21 06:57:31','2020-10-21 06:57:31'),(59,'Paraguay','2020-10-21 06:57:31','2020-10-21 06:57:31'),(60,'Russian Federation','2020-10-21 06:57:31','2020-10-21 06:57:31'),(61,'Qatar','2020-10-21 06:57:31','2020-10-21 06:57:31'),(62,'Czech Republic','2020-10-21 06:57:31','2020-10-21 06:57:31'),(63,'Germany','2020-10-21 06:57:31','2020-10-21 06:57:31'),(64,'Sweden','2020-10-21 06:57:31','2020-10-21 06:57:31'),(65,'Belize','2020-10-21 06:57:31','2020-10-21 06:57:31'),(66,'Cocos (Keeling) Islands','2020-10-21 06:57:31','2020-10-21 06:57:31'),(67,'Mali','2020-10-21 06:57:31','2020-10-21 06:57:31'),(68,'Denmark','2020-10-21 06:57:31','2020-10-21 06:57:31'),(69,'New Zealand','2020-10-21 06:57:31','2020-10-21 06:57:31'),(70,'Heard Island and McDonald Islands','2020-10-21 06:57:31','2020-10-21 06:57:31'),(71,'Yemen','2020-10-21 06:57:31','2020-10-21 06:57:31'),(72,'Montserrat','2020-10-21 06:57:31','2020-10-21 06:57:31'),(73,'Mongolia','2020-10-21 06:57:31','2020-10-21 06:57:31'),(74,'South Georgia and the South Sandwich Islands','2020-10-21 06:57:31','2020-10-21 06:57:31'),(75,'Nigeria','2020-10-21 06:57:31','2020-10-21 06:57:31'),(76,'Macedonia','2020-10-21 06:57:31','2020-10-21 06:57:31'),(77,'Singapore','2020-10-21 06:57:31','2020-10-21 06:57:31');
/*!40000 ALTER TABLE `countries` ENABLE KEYS */;
UNLOCK TABLES;

--
-- Table structure for table `friendship_statuses`
--

DROP TABLE IF EXISTS `friendship_statuses`;
/*!40101 SET @saved_cs_client     = @@character_set_client */;
/*!50503 SET character_set_client = utf8mb4 */;
CREATE TABLE `friendship_statuses` (
  `id` int unsigned NOT NULL AUTO_INCREMENT COMMENT 'ðÿð┤ðÁð¢Ðéð©Ðäð©ð║ð░Ðéð¥ÐÇ ÐüÐéÐÇð¥ð║ð©',
  `name` varchar(150) CHARACTER SET utf8 COLLATE utf8_unicode_ci NOT NULL COMMENT 'ðØð░ðÀð▓ð░ð¢ð©ðÁ ÐüÐéð░ÐéÐâÐüð░',
  `created_at` datetime DEFAULT CURRENT_TIMESTAMP COMMENT 'ðÆÐÇðÁð╝ÐÅ Ðüð¥ðÀð┤ð░ð¢ð©ÐÅ ÐüÐéÐÇð¥ð║ð©',
  `updated_at` datetime DEFAULT CURRENT_TIMESTAMP ON UPDATE CURRENT_TIMESTAMP COMMENT 'ðÆÐÇðÁð╝ÐÅ ð¥ð▒ð¢ð¥ð▓ð╗ðÁð¢ð©ÐÅ ÐüÐéÐÇð¥ð║ð©',
  PRIMARY KEY (`id`),
  UNIQUE KEY `name` (`name`)
) ENGINE=InnoDB AUTO_INCREMENT=4 DEFAULT CHARSET=utf8 COLLATE=utf8_unicode_ci COMMENT='ðíÐéð░ÐéÐâÐüÐï ð┤ÐÇÐâðÂð▒Ðï';
/*!40101 SET character_set_client = @saved_cs_client */;

--
-- Dumping data for table `friendship_statuses`
--

LOCK TABLES `friendship_statuses` WRITE;
/*!40000 ALTER TABLE `friendship_statuses` DISABLE KEYS */;
INSERT INTO `friendship_statuses` VALUES (1,'Requested','2020-10-21 07:52:36','2020-10-21 07:52:36'),(2,'Confirmed','2020-10-21 07:52:36','2020-10-21 07:52:36'),(3,'Rejected','2020-10-21 07:52:36','2020-10-21 07:52:36');
/*!40000 ALTER TABLE `friendship_statuses` ENABLE KEYS */;
UNLOCK TABLES;

--
-- Table structure for table `friendships`
--

DROP TABLE IF EXISTS `friendships`;
/*!40101 SET @saved_cs_client     = @@character_set_client */;
/*!50503 SET character_set_client = utf8mb4 */;
CREATE TABLE `friendships` (
  `user_id` int unsigned NOT NULL COMMENT 'ðíÐüÐïð╗ð║ð░ ð¢ð░ ð©ð¢ð©Ðåð©ð░Ðéð¥ÐÇð░ ð┤ÐÇÐâðÂðÁÐüð║ð©Ðà ð¥Ðéð¢ð¥ÐêðÁð¢ð©ð╣',
  `friend_id` int unsigned NOT NULL COMMENT 'ðíÐüÐïð╗ð║ð░ ð¢ð░ ð┐ð¥ð╗ÐâÐçð░ÐéðÁð╗ÐÅ ð┐ÐÇð©ð│ð╗ð░ÐêðÁð¢ð©ÐÅ ð┤ÐÇÐâðÂð©ÐéÐî',
  `status_id` int unsigned NOT NULL COMMENT 'ðíÐüÐïð╗ð║ð░ ð¢ð░ ÐüÐéð░ÐéÐâÐü (ÐéðÁð║ÐâÐëðÁðÁ Ðüð¥ÐüÐéð¥ÐÅð¢ð©ðÁ) ð¥Ðéð¢ð¥ÐêðÁð¢ð©ð╣',
  `confirmed_at` datetime DEFAULT NULL COMMENT 'ðÆÐÇðÁð╝ÐÅ ð┐ð¥ð┤Ðéð▓ðÁÐÇðÂð┤ðÁð¢ð©ÐÅ ð┐ÐÇð©ð│ð╗ð░ÐêðÁð¢ð©ÐÅ',
  `created_at` datetime DEFAULT CURRENT_TIMESTAMP COMMENT 'ðÆÐÇðÁð╝ÐÅ Ðüð¥ðÀð┤ð░ð¢ð©ÐÅ ÐüÐéÐÇð¥ð║ð©',
  `updated_at` datetime DEFAULT CURRENT_TIMESTAMP ON UPDATE CURRENT_TIMESTAMP COMMENT 'ðÆÐÇðÁð╝ÐÅ ð¥ð▒ð¢ð¥ð▓ð╗ðÁð¢ð©ÐÅ ÐüÐéÐÇð¥ð║ð©',
  PRIMARY KEY (`user_id`,`friend_id`) COMMENT 'ðíð¥ÐüÐéð░ð▓ð¢ð¥ð╣ ð┐ðÁÐÇð▓ð©Ðçð¢Ðïð╣ ð║ð╗ÐÄÐç',
  KEY `friendships_friend_id_fk` (`friend_id`),
  KEY `friendships_status_id_fk` (`status_id`),
  CONSTRAINT `friendships_friend_id_fk` FOREIGN KEY (`friend_id`) REFERENCES `users` (`id`) ON DELETE CASCADE,
  CONSTRAINT `friendships_status_id_fk` FOREIGN KEY (`status_id`) REFERENCES `friendship_statuses` (`id`) ON DELETE CASCADE,
  CONSTRAINT `friendships_user_id_fk` FOREIGN KEY (`user_id`) REFERENCES `users` (`id`) ON DELETE CASCADE
) ENGINE=InnoDB DEFAULT CHARSET=utf8 COLLATE=utf8_unicode_ci COMMENT='ðóð░ð▒ð╗ð©Ðåð░ ð┤ÐÇÐâðÂð▒Ðï';
/*!40101 SET character_set_client = @saved_cs_client */;

--
-- Dumping data for table `friendships`
--

LOCK TABLES `friendships` WRITE;
/*!40000 ALTER TABLE `friendships` DISABLE KEYS */;
INSERT INTO `friendships` VALUES (1,79,1,'2020-10-21 07:48:55','2012-04-27 19:17:22','2020-10-21 07:55:16'),(2,15,2,'2020-03-22 18:46:23','2003-05-07 08:11:06','2020-10-21 07:55:16'),(2,27,1,'1997-06-09 14:11:17','1984-07-16 04:39:19','2020-10-21 07:55:16'),(3,54,1,'2016-05-14 07:56:16','2016-03-15 15:53:43','2020-10-21 07:47:58'),(4,45,1,'2006-10-20 04:27:15','1979-12-09 06:28:27','2020-10-21 07:55:16'),(5,76,1,'2020-10-21 07:48:55','2000-05-29 02:12:49','2020-10-21 07:55:16'),(5,92,3,'2020-10-21 07:48:55','1994-04-13 19:47:23','2020-10-21 07:55:16'),(6,58,2,'1982-09-22 23:21:47','1976-03-07 06:47:37','1989-06-11 07:21:51'),(6,59,3,'2020-10-21 07:48:55','1996-07-16 06:33:19','2020-10-21 07:48:55'),(6,61,2,'2004-05-20 19:16:43','1996-03-12 09:25:30','2020-10-21 07:55:16'),(7,80,1,'1992-12-09 04:51:05','1974-05-22 00:02:01','2020-10-21 07:55:16'),(7,81,1,'2020-10-21 07:48:55','2007-01-18 10:38:08','2020-10-21 07:48:55'),(7,83,2,'2009-02-24 16:41:53','2007-12-18 18:48:49','2020-10-21 07:55:16'),(8,7,2,'2020-10-21 07:48:55','2005-11-02 12:26:05','2020-10-21 07:55:16'),(8,8,3,'1976-03-10 19:05:18','1975-06-19 08:31:04','2020-10-21 07:55:16'),(8,39,1,'2013-09-25 11:35:54','1975-09-16 02:34:27','2020-10-21 07:55:16'),(8,74,2,'2020-10-21 07:48:55','2011-07-08 18:00:37','2020-10-21 07:55:16'),(9,11,2,'2015-10-01 12:42:53','1992-11-20 11:39:42','2020-10-21 07:55:16'),(9,49,3,'2020-10-21 07:48:55','2006-01-30 00:04:40','2020-10-21 07:48:55'),(9,69,3,'2020-10-21 07:48:55','1980-09-22 21:13:59','2020-10-21 07:55:16'),(11,64,2,'2020-10-21 07:48:55','2004-03-18 12:14:54','2020-10-21 07:48:55'),(11,93,3,'1998-12-26 14:11:37','1978-08-06 00:51:06','2020-10-21 07:55:16'),(12,2,1,'2007-05-23 01:26:32','1979-07-13 02:37:20','1985-11-29 08:18:19'),(12,21,1,'2020-10-21 07:48:55','1995-09-07 10:34:37','2020-10-21 07:55:16'),(12,27,1,'2001-03-31 22:59:03','1988-07-09 07:42:47','2002-01-24 22:06:41'),(12,63,3,'2020-10-21 07:48:55','2016-05-29 20:12:48','2020-10-21 07:55:16'),(13,86,3,'1998-04-29 20:10:46','1975-11-11 11:25:41','2020-10-21 07:55:16'),(15,53,3,'2016-07-27 10:19:47','1991-07-05 12:04:40','2020-10-21 07:55:16'),(15,68,2,'1996-04-09 08:12:35','1993-02-25 13:59:53','2013-03-26 11:44:55'),(16,35,3,'2015-03-18 11:38:54','2011-11-24 09:06:48','2020-10-21 07:55:16'),(16,46,1,'2000-12-08 21:17:03','1985-09-17 12:07:10','2020-10-21 07:55:16'),(17,77,2,'2020-10-21 07:48:55','2018-04-30 11:16:12','2020-10-21 07:55:16'),(18,18,2,'2020-10-21 07:48:55','2008-04-28 04:47:47','2020-10-21 07:55:16'),(18,52,1,'2020-10-21 07:48:55','2007-04-04 05:36:48','2020-10-21 07:55:16'),(18,91,2,'2020-10-21 07:48:55','2003-04-14 08:19:27','2020-10-21 07:55:16'),(19,6,2,'1996-03-20 02:09:29','1994-01-05 01:44:24','2008-11-04 23:23:24'),(19,11,3,'2009-05-16 13:45:55','1984-01-17 05:04:23','2020-10-21 07:55:16'),(19,75,2,'1976-12-29 13:40:30','1972-12-04 22:10:45','2020-10-21 07:55:16'),(19,77,3,'1983-03-06 12:26:38','1976-03-17 00:02:30','2020-10-21 07:55:16'),(21,7,1,'2020-10-21 07:48:55','1983-09-01 14:17:09','2020-10-21 07:55:16'),(21,12,1,'2020-10-21 07:48:55','2003-09-05 09:02:21','2020-10-21 07:55:16'),(21,14,3,'2020-10-21 07:48:55','2004-06-12 17:42:11','2020-10-21 07:55:16'),(21,32,3,'2020-10-21 07:48:55','2019-04-19 10:59:59','2020-10-21 07:48:55'),(21,51,3,'2020-10-21 07:48:55','1981-12-19 17:33:27','2020-10-21 07:55:16'),(21,75,1,'2020-06-24 22:49:41','1995-06-18 17:08:53','2020-10-21 07:55:16'),(24,38,2,'2020-10-21 07:48:55','2010-11-06 15:25:56','2020-10-21 07:55:16'),(24,86,1,'2020-10-21 07:48:55','1991-08-02 21:35:27','2020-10-21 07:48:55'),(25,27,3,'1987-08-19 19:11:03','1986-01-03 05:24:01','2020-10-21 07:55:16'),(25,60,3,'2020-10-21 07:48:55','1982-02-25 01:18:45','2020-10-21 07:55:16'),(26,41,1,'2020-10-21 07:48:55','2018-12-15 15:01:27','2020-10-21 07:55:16'),(27,41,3,'2020-10-21 07:48:55','2015-07-21 05:57:07','2020-10-21 07:55:16'),(27,72,3,'2020-10-21 07:48:55','1989-08-29 18:58:07','2020-10-21 07:55:16'),(28,72,1,'2003-04-29 01:25:25','1977-02-05 06:06:27','2001-04-13 03:37:05'),(28,76,2,'2011-11-04 00:14:10','2007-04-30 02:12:43','2020-10-21 07:55:16'),(29,33,2,'2020-10-21 07:48:55','2019-03-20 04:33:11','2020-10-21 07:48:55'),(30,12,2,'2013-08-25 16:52:48','2013-03-21 09:58:46','2020-10-21 07:55:16'),(30,67,1,'2020-10-21 07:48:55','1986-01-16 13:36:47','2020-10-21 07:55:16'),(31,49,1,'2020-10-21 07:48:55','1993-02-06 19:02:09','2020-10-21 07:55:16'),(31,72,1,'2011-04-28 09:20:23','1976-01-03 18:48:24','2020-10-21 07:55:16'),(31,76,2,'2007-09-02 08:43:07','2002-09-22 03:31:45','2020-10-21 07:55:16'),(31,97,2,'2020-10-21 07:48:55','2011-12-13 09:33:10','2020-10-21 07:55:16'),(32,42,1,'2020-10-21 07:48:55','2003-02-25 16:20:43','2020-10-21 07:55:16'),(32,62,2,'2019-09-06 08:52:09','2011-04-17 13:51:08','2020-10-21 07:55:16'),(32,79,3,'2002-10-31 03:50:42','2000-12-28 02:14:43','2020-10-21 07:55:16'),(33,1,3,'2020-10-21 07:48:55','2009-11-12 00:05:32','2020-10-21 07:55:16'),(34,50,3,'2016-08-25 04:20:17','2002-06-20 02:46:54','2020-10-21 07:55:16'),(36,41,1,'2020-10-21 07:48:55','2018-05-22 14:44:39','2020-10-21 07:55:16'),(36,43,2,'2012-05-04 14:08:21','2006-09-02 12:07:48','2020-10-21 07:55:16'),(36,44,1,'2020-10-21 07:48:55','2002-05-17 06:57:50','2020-10-21 07:55:16'),(36,54,2,'2020-10-21 07:48:55','2002-10-23 06:50:59','2020-10-21 07:55:16'),(36,78,3,'2020-10-21 07:48:55','2018-03-14 08:16:17','2020-10-21 07:55:16'),(37,32,3,'2020-10-21 07:48:55','2004-07-02 02:59:12','2020-10-21 07:48:55'),(37,58,3,'2020-10-21 07:48:55','2004-12-12 00:02:18','2020-10-21 07:48:55'),(37,62,3,'2020-10-21 07:48:55','1998-09-19 12:35:28','2020-10-21 07:48:55'),(38,66,3,'2020-10-21 07:48:55','2020-09-13 17:59:16','2020-10-21 07:55:16'),(39,31,1,'1998-11-09 08:44:45','1985-06-21 09:59:58','1993-07-21 11:58:20'),(39,49,1,'2020-10-21 07:48:55','2017-12-25 12:47:01','2020-10-21 07:55:16'),(39,92,2,'2020-10-21 07:48:55','1996-01-02 13:00:36','2020-10-21 07:55:16'),(40,26,1,'1995-09-24 14:13:47','1972-11-15 13:47:48','2020-10-21 07:55:16'),(41,25,3,'2016-02-21 15:21:40','1970-01-18 03:04:48','2020-10-21 07:55:16'),(41,31,2,'2008-02-14 09:01:20','2004-10-17 08:40:55','2020-10-21 07:55:16'),(41,38,3,'2020-10-21 07:48:55','2019-07-16 13:05:51','2020-10-21 07:48:55'),(41,40,1,'2020-10-21 07:48:55','1992-11-24 08:20:40','2020-10-21 07:48:55'),(41,81,2,'1989-07-26 05:26:57','1975-06-23 11:50:39','2020-10-21 07:55:16'),(42,3,1,'2015-03-30 00:41:46','1981-03-30 05:15:24','2020-10-21 07:55:16'),(42,12,3,'2003-06-21 13:51:37','2000-03-09 23:05:31','2020-10-21 07:55:16'),(42,78,2,'2020-10-21 07:48:55','2005-09-02 10:59:52','2020-10-21 07:55:16'),(44,2,3,'2020-10-21 07:48:55','2013-11-27 11:58:55','2020-10-21 07:48:55'),(44,54,3,'2017-11-03 18:10:47','1993-09-08 18:48:34','2020-10-21 07:55:16'),(45,27,1,'1992-06-01 05:28:42','1989-03-01 07:07:50','2020-10-21 07:55:16'),(46,23,1,'1984-09-06 06:35:49','1976-07-02 08:14:50','2020-10-21 07:55:16'),(46,24,2,'2020-10-21 07:48:55','2011-09-18 02:59:17','2020-10-21 07:55:16'),(46,29,2,'2020-10-21 07:48:55','2012-08-19 15:02:20','2020-10-21 07:55:16'),(47,14,1,'2020-10-21 07:48:55','2014-01-13 20:34:03','2020-10-21 07:55:16'),(47,16,1,'2020-10-21 07:48:55','2020-06-30 01:24:52','2020-10-21 07:55:16'),(48,49,3,'1989-09-09 06:19:53','1974-06-16 00:06:21','2020-10-21 07:55:16'),(49,62,2,'2020-10-21 07:48:55','1994-07-27 10:00:32','2020-10-21 07:55:16'),(49,80,1,'2020-10-21 07:48:55','2016-12-05 16:12:34','2020-10-21 07:55:16'),(49,83,3,'2012-04-13 02:54:16','2000-11-18 09:30:37','2020-10-21 07:55:16'),(50,5,3,'2006-05-25 10:12:20','1990-07-09 06:53:52','2020-10-21 07:55:16'),(50,96,1,'2020-10-21 07:48:55','2009-04-09 22:35:41','2020-10-21 07:55:16'),(50,99,3,'2014-06-27 18:33:54','1997-06-07 09:49:56','2020-10-21 07:55:16'),(52,22,3,'2020-10-21 07:48:55','2008-02-18 14:37:45','2020-10-21 07:55:16'),(52,49,2,'2015-11-02 06:33:25','1996-06-13 19:52:29','2004-03-02 05:37:06'),(52,52,1,'2020-10-21 07:48:55','2009-11-14 13:09:12','2020-10-21 07:55:16'),(52,57,3,'2018-05-28 05:55:16','2014-07-12 03:53:12','2020-10-21 07:47:58'),(52,58,1,'1990-06-09 10:20:06','1987-03-22 11:50:25','2020-10-21 07:55:16'),(53,28,3,'2020-10-21 07:48:55','1992-09-14 23:59:15','2020-10-21 07:55:16'),(53,83,3,'2020-10-21 07:48:55','1992-11-10 00:30:14','2020-10-21 07:55:16'),(54,8,3,'2016-11-11 15:08:05','2004-06-04 18:59:07','2020-10-21 07:55:16'),(55,3,2,'2001-09-04 07:29:30','1986-07-22 11:20:53','2020-10-21 07:55:16'),(55,65,3,'2020-10-21 07:48:55','1984-06-04 15:11:56','2020-10-21 07:55:16'),(55,96,2,'2013-11-26 02:31:46','1981-05-11 20:03:52','2020-10-21 07:55:16'),(56,63,1,'2020-10-21 07:48:55','2006-06-19 06:47:55','2020-10-21 07:55:16'),(57,71,2,'2020-10-21 07:48:55','1997-10-04 11:18:01','2020-10-21 07:55:16'),(57,79,1,'2020-10-21 07:48:55','2020-03-10 17:35:32','2020-10-21 07:55:16'),(57,85,1,'2020-10-21 07:48:55','2020-04-28 22:00:34','2020-10-21 07:55:16'),(58,33,2,'2005-08-31 09:10:19','1990-01-25 15:10:12','2020-10-21 07:55:16'),(58,34,2,'1994-04-21 23:08:12','1992-07-10 07:27:33','2020-10-21 07:55:16'),(58,52,3,'2017-06-29 20:46:16','1992-04-09 20:11:58','2020-10-21 07:55:16'),(59,44,1,'1978-10-02 01:24:30','1972-02-13 07:15:35','2020-10-21 07:55:16'),(60,17,3,'2020-10-21 07:48:55','1992-08-06 04:27:24','2020-10-21 07:55:16'),(60,21,2,'1977-12-09 06:42:37','1971-08-15 11:10:39','2020-10-21 07:55:16'),(60,51,1,'2012-05-17 04:09:27','1978-09-11 08:13:45','1979-08-23 22:56:22'),(61,35,1,'1999-04-11 03:39:00','1998-01-05 07:18:58','2020-10-21 07:47:58'),(62,66,3,'1983-12-27 21:52:58','1978-10-05 01:32:21','2020-10-21 07:55:16'),(62,74,2,'1986-09-23 05:14:00','1986-03-09 06:16:55','2020-10-21 07:55:16'),(62,89,3,'2020-10-21 07:48:55','2020-02-20 00:30:25','2020-10-21 07:55:16'),(63,25,3,'2002-12-04 01:44:41','1983-10-31 22:53:29','2020-10-21 07:55:16'),(63,38,1,'2020-10-21 07:48:55','2012-12-22 12:17:05','2020-10-21 07:55:16'),(63,56,1,'2020-10-21 07:48:55','1998-09-20 08:29:12','2020-10-21 07:48:55'),(64,68,2,'2020-10-21 07:48:55','2014-12-23 03:20:45','2020-10-21 07:55:16'),(64,76,1,'1997-01-12 16:51:35','1983-01-28 22:27:31','1991-05-11 14:21:18'),(65,52,3,'2017-02-10 08:25:13','2004-02-12 22:57:31','2020-10-21 07:55:16'),(66,26,2,'2018-01-11 12:22:01','1975-09-14 15:05:56','2020-10-21 07:55:16'),(67,28,1,'2010-07-28 17:44:58','2003-12-29 12:29:14','2020-10-21 07:47:58'),(67,56,1,'2020-10-21 07:48:55','1977-11-01 22:57:39','2020-10-21 07:55:16'),(68,35,1,'2015-12-29 09:29:56','1977-11-17 23:56:20','2020-10-21 07:55:16'),(68,80,2,'1992-12-18 23:02:07','1970-05-07 14:50:39','2020-10-21 07:55:16'),(70,90,3,'2019-03-03 23:08:23','1991-09-28 20:11:56','2020-10-21 07:55:16'),(71,15,2,'2009-09-12 20:03:03','1984-08-15 09:07:42','2020-10-21 07:47:58'),(71,28,3,'2020-10-21 07:48:55','1976-09-04 02:38:16','2020-10-21 07:55:16'),(72,71,1,'2017-02-02 21:57:17','1991-04-06 08:28:54','2020-10-21 07:55:16'),(73,73,2,'2020-10-21 07:48:55','2014-07-01 12:35:44','2020-10-21 07:48:55'),(73,90,2,'2011-08-24 16:04:57','1999-11-05 15:55:26','2020-10-21 07:55:16'),(73,97,3,'2020-10-21 07:48:55','2016-04-14 06:56:27','2020-10-21 07:55:16'),(74,43,1,'2020-10-21 07:48:55','1990-11-12 07:21:58','2020-10-21 07:48:55'),(74,67,2,'2020-10-21 07:48:55','2016-11-19 11:33:45','2020-10-21 07:48:55'),(75,7,2,'2020-10-21 07:48:55','1981-12-03 12:36:17','2020-10-21 07:55:16'),(75,64,3,'1993-12-20 17:36:14','1970-01-21 15:25:38','2020-10-21 07:55:16'),(75,76,2,'2010-06-25 17:33:16','1977-06-04 08:35:10','2020-10-21 07:55:16'),(75,90,2,'2020-10-21 07:48:55','1994-01-06 06:03:27','2020-10-21 07:55:16'),(76,18,3,'2018-01-17 14:55:17','1977-03-14 08:46:24','2000-05-17 03:28:50'),(76,42,1,'2020-10-21 07:48:55','2006-09-27 20:12:17','2020-10-21 07:55:16'),(76,44,1,'1996-07-12 15:47:11','1970-08-11 02:57:12','2020-10-21 07:55:16'),(76,66,1,'2020-10-21 07:48:55','1996-09-25 09:08:44','2020-10-21 07:48:55'),(76,94,1,'2009-04-16 13:36:03','2005-03-29 17:30:07','2020-10-21 07:47:58'),(77,11,2,'2020-10-21 07:48:55','1991-12-24 14:33:38','2020-10-21 07:55:16'),(77,12,3,'2020-10-21 07:48:55','2001-12-23 00:58:44','2020-10-21 07:55:16'),(78,10,2,'2020-10-21 07:48:55','1982-10-19 09:21:48','2020-10-21 07:48:55'),(78,28,3,'2020-10-21 07:48:55','2004-02-05 18:34:41','2020-10-21 07:48:55'),(79,83,1,'2020-10-21 07:48:55','1982-02-08 09:37:12','2020-10-21 07:55:16'),(80,91,2,'2020-10-21 07:48:55','2016-06-23 00:08:48','2020-10-21 07:55:16'),(81,1,2,'1981-05-30 05:05:20','1971-09-26 21:51:15','2020-10-21 07:55:16'),(81,37,2,'2017-07-17 18:36:36','2016-02-17 00:40:24','2020-10-21 07:55:16'),(82,23,2,'2020-10-21 07:48:55','1983-04-03 11:21:01','2020-10-21 07:55:16'),(82,71,1,'2004-11-14 02:38:36','2004-05-31 23:17:20','2020-10-21 07:55:16'),(83,2,2,'2020-10-21 07:48:55','1985-05-28 02:01:44','2020-10-21 07:48:55'),(85,14,2,'2020-10-21 07:48:55','2013-06-28 09:14:25','2020-10-21 07:55:16'),(85,80,3,'2010-06-29 00:38:54','1972-08-01 07:29:19','2020-10-21 07:55:16'),(85,100,1,'2012-10-30 06:35:48','1992-06-19 04:28:23','2020-10-21 07:55:16'),(86,18,2,'2020-10-21 07:48:55','2009-11-25 22:08:31','2020-10-21 07:55:16'),(86,39,3,'2020-10-21 07:48:55','1980-06-26 20:50:42','2020-10-21 07:55:16'),(86,42,3,'2020-10-21 07:48:55','1996-11-23 14:01:09','2020-10-21 07:55:16'),(86,80,1,'2020-10-21 07:48:55','1989-05-27 17:25:38','2020-10-21 07:55:16'),(86,94,2,'2020-10-21 07:48:55','2001-09-01 21:12:35','2020-10-21 07:55:16'),(87,80,2,'2020-10-21 07:48:55','2002-07-19 18:30:54','2020-10-21 07:48:55'),(88,11,2,'2017-10-06 03:47:08','1973-06-02 01:34:41','2020-10-21 07:55:16'),(89,1,3,'2020-08-04 09:19:53','1979-05-25 10:36:25','2020-10-21 07:55:16'),(91,57,1,'2008-10-01 01:55:57','1991-05-22 14:34:00','2020-10-21 07:55:16'),(92,16,2,'2020-10-21 07:48:55','2017-12-18 21:01:03','2020-10-21 07:55:16'),(93,8,3,'1991-12-07 00:21:41','1972-06-01 08:35:35','2020-10-21 07:55:16'),(93,43,2,'1989-09-05 16:10:22','1983-07-09 03:17:51','2020-10-21 07:55:16'),(94,64,1,'2020-10-21 07:48:55','2014-07-27 00:58:04','2020-10-21 07:48:55'),(94,67,3,'2006-09-22 02:40:16','1973-11-30 15:04:45','2020-10-21 07:55:16'),(95,49,3,'2003-09-19 18:26:21','2002-10-27 23:14:51','2020-10-21 07:55:16'),(95,51,3,'2020-10-21 07:48:55','2019-11-14 08:47:18','2020-10-21 07:48:55'),(95,87,2,'2019-02-27 06:39:08','1987-03-14 09:17:19','2020-10-21 07:55:16'),(95,91,1,'2020-10-21 07:48:55','1979-08-06 19:32:00','2020-10-21 07:48:55'),(95,93,2,'2013-05-25 05:58:50','1976-12-22 13:51:23','2020-10-21 07:55:16'),(97,14,2,'2020-10-21 07:48:55','2008-08-30 04:50:55','2020-10-21 07:55:16'),(97,25,2,'2020-10-21 07:48:55','1994-09-03 08:05:09','2020-10-21 07:55:16'),(97,84,3,'2020-10-21 07:48:55','2003-07-09 05:39:28','2020-10-21 07:55:16'),(98,60,3,'2016-09-27 11:58:50','2002-11-25 02:09:33','2020-10-21 07:47:58'),(98,94,1,'2011-02-09 13:20:25','2001-02-27 01:31:53','2020-10-21 07:55:16'),(99,65,3,'2020-10-21 07:48:55','2006-11-16 09:52:34','2020-10-21 07:55:16'),(99,74,2,'2020-10-21 07:48:55','2007-09-10 00:04:42','2020-10-21 07:48:55'),(99,86,1,'2020-10-21 07:48:55','2017-03-15 00:27:33','2020-10-21 07:55:16'),(100,24,1,'2011-01-05 00:54:48','1982-04-01 18:22:55','2020-10-21 07:55:16'),(100,75,1,'2020-10-21 07:48:55','1985-05-22 07:43:56','2020-10-21 07:48:55');
/*!40000 ALTER TABLE `friendships` ENABLE KEYS */;
UNLOCK TABLES;

--
-- Table structure for table `likes`
--

DROP TABLE IF EXISTS `likes`;
/*!40101 SET @saved_cs_client     = @@character_set_client */;
/*!50503 SET character_set_client = utf8mb4 */;
CREATE TABLE `likes` (
  `id` int unsigned NOT NULL AUTO_INCREMENT,
  `user_id` int unsigned NOT NULL,
  `target_id` int unsigned NOT NULL,
  `target_type_id` int unsigned NOT NULL,
  `created_at` datetime DEFAULT CURRENT_TIMESTAMP,
  PRIMARY KEY (`id`),
  KEY `likes_user_id_fk` (`user_id`),
  KEY `likes_target_type_id_fk` (`target_type_id`),
  CONSTRAINT `likes_target_type_id_fk` FOREIGN KEY (`target_type_id`) REFERENCES `target_types` (`id`) ON DELETE CASCADE,
  CONSTRAINT `likes_user_id_fk` FOREIGN KEY (`user_id`) REFERENCES `users` (`id`) ON DELETE CASCADE
) ENGINE=InnoDB AUTO_INCREMENT=301 DEFAULT CHARSET=utf8mb4 COLLATE=utf8mb4_0900_ai_ci;
/*!40101 SET character_set_client = @saved_cs_client */;

--
-- Dumping data for table `likes`
--

LOCK TABLES `likes` WRITE;
/*!40000 ALTER TABLE `likes` DISABLE KEYS */;
INSERT INTO `likes` VALUES (1,9,79,3,'2020-10-31 16:49:53'),(2,86,34,1,'2020-10-31 16:49:53'),(3,69,99,4,'2020-10-31 16:49:53'),(4,48,71,1,'2020-10-31 16:49:53'),(5,42,75,2,'2020-10-31 16:49:53'),(6,19,46,3,'2020-10-31 16:49:53'),(7,31,33,3,'2020-10-31 16:49:53'),(8,54,56,1,'2020-10-31 16:49:53'),(9,18,38,2,'2020-10-31 16:49:53'),(10,62,4,2,'2020-10-31 16:49:53'),(11,54,68,4,'2020-10-31 16:49:53'),(12,86,96,1,'2020-10-31 16:49:53'),(13,18,27,4,'2020-10-31 16:49:53'),(14,18,48,4,'2020-10-31 16:49:53'),(15,92,96,1,'2020-10-31 16:49:53'),(16,27,24,2,'2020-10-31 16:49:53'),(17,22,94,1,'2020-10-31 16:49:53'),(18,36,67,2,'2020-10-31 16:49:53'),(19,43,27,1,'2020-10-31 16:49:53'),(20,52,37,2,'2020-10-31 16:49:53'),(21,46,36,2,'2020-10-31 16:49:53'),(22,84,3,3,'2020-10-31 16:49:53'),(23,5,34,3,'2020-10-31 16:49:53'),(24,86,56,1,'2020-10-31 16:49:53'),(25,37,21,4,'2020-10-31 16:49:53'),(26,99,17,4,'2020-10-31 16:49:53'),(27,85,62,3,'2020-10-31 16:49:53'),(28,81,44,4,'2020-10-31 16:49:53'),(29,55,40,2,'2020-10-31 16:49:53'),(30,66,18,4,'2020-10-31 16:49:53'),(31,99,21,1,'2020-10-31 16:49:53'),(32,87,5,3,'2020-10-31 16:49:53'),(33,100,12,3,'2020-10-31 16:49:53'),(34,52,86,3,'2020-10-31 16:49:53'),(35,14,44,4,'2020-10-31 16:49:53'),(36,58,54,4,'2020-10-31 16:49:53'),(37,25,31,4,'2020-10-31 16:49:53'),(38,10,7,1,'2020-10-31 16:49:53'),(39,9,27,1,'2020-10-31 16:49:53'),(40,57,59,2,'2020-10-31 16:49:53'),(41,54,92,4,'2020-10-31 16:49:53'),(42,2,22,1,'2020-10-31 16:49:53'),(43,54,59,2,'2020-10-31 16:49:53'),(44,70,60,4,'2020-10-31 16:49:53'),(45,77,8,1,'2020-10-31 16:49:53'),(46,23,85,3,'2020-10-31 16:49:53'),(47,28,70,3,'2020-10-31 16:49:53'),(48,10,57,3,'2020-10-31 16:49:53'),(49,99,31,3,'2020-10-31 16:49:53'),(50,91,84,2,'2020-10-31 16:49:53'),(51,77,49,1,'2020-10-31 16:49:53'),(52,19,53,1,'2020-10-31 16:49:53'),(53,85,95,1,'2020-10-31 16:49:53'),(54,29,75,4,'2020-10-31 16:49:53'),(55,16,13,1,'2020-10-31 16:49:53'),(56,42,63,4,'2020-10-31 16:49:53'),(57,38,34,3,'2020-10-31 16:49:53'),(58,66,67,2,'2020-10-31 16:49:53'),(59,95,58,1,'2020-10-31 16:49:53'),(60,41,94,2,'2020-10-31 16:49:53'),(61,53,22,3,'2020-10-31 16:49:53'),(62,96,23,1,'2020-10-31 16:49:53'),(63,57,9,3,'2020-10-31 16:49:53'),(64,44,94,2,'2020-10-31 16:49:53'),(65,16,61,3,'2020-10-31 16:49:53'),(66,92,97,1,'2020-10-31 16:49:53'),(67,36,65,1,'2020-10-31 16:49:53'),(68,88,89,4,'2020-10-31 16:49:53'),(69,36,38,4,'2020-10-31 16:49:53'),(70,96,33,4,'2020-10-31 16:49:53'),(71,84,91,1,'2020-10-31 16:49:53'),(72,34,67,2,'2020-10-31 16:49:53'),(73,53,70,4,'2020-10-31 16:49:53'),(74,48,63,3,'2020-10-31 16:49:53'),(75,63,3,2,'2020-10-31 16:49:53'),(76,22,30,4,'2020-10-31 16:49:53'),(77,30,97,4,'2020-10-31 16:49:53'),(78,86,43,3,'2020-10-31 16:49:53'),(79,56,7,3,'2020-10-31 16:49:53'),(80,9,45,4,'2020-10-31 16:49:53'),(81,58,93,4,'2020-10-31 16:49:53'),(82,82,32,1,'2020-10-31 16:49:53'),(83,73,22,4,'2020-10-31 16:49:53'),(84,82,40,3,'2020-10-31 16:49:53'),(85,52,96,1,'2020-10-31 16:49:53'),(86,21,40,2,'2020-10-31 16:49:53'),(87,59,87,3,'2020-10-31 16:49:53'),(88,25,53,4,'2020-10-31 16:49:53'),(89,87,66,3,'2020-10-31 16:49:53'),(90,41,1,4,'2020-10-31 16:49:53'),(91,9,99,3,'2020-10-31 16:49:53'),(92,25,32,4,'2020-10-31 16:49:53'),(93,18,42,3,'2020-10-31 16:49:53'),(94,55,5,3,'2020-10-31 16:49:53'),(95,90,67,3,'2020-10-31 16:49:53'),(96,11,69,1,'2020-10-31 16:49:53'),(97,45,92,2,'2020-10-31 16:49:53'),(98,54,90,4,'2020-10-31 16:49:53'),(99,71,88,2,'2020-10-31 16:49:53'),(100,70,69,2,'2020-10-31 16:49:53'),(101,60,99,1,'2020-10-31 16:49:53'),(102,70,9,2,'2020-10-31 16:49:53'),(103,44,16,2,'2020-10-31 16:49:53'),(104,90,6,3,'2020-10-31 16:49:53'),(105,72,88,1,'2020-10-31 16:49:53'),(106,46,62,3,'2020-10-31 16:49:53'),(107,82,90,1,'2020-10-31 16:49:53'),(108,34,68,2,'2020-10-31 16:49:53'),(109,85,8,4,'2020-10-31 16:49:53'),(110,11,94,2,'2020-10-31 16:49:53'),(111,3,4,1,'2020-10-31 16:49:53'),(112,34,41,1,'2020-10-31 16:49:53'),(113,97,71,3,'2020-10-31 16:49:53'),(114,13,68,1,'2020-10-31 16:49:53'),(115,100,95,4,'2020-10-31 16:49:53'),(116,98,57,4,'2020-10-31 16:49:53'),(117,96,98,1,'2020-10-31 16:49:53'),(118,22,99,2,'2020-10-31 16:49:53'),(119,39,12,2,'2020-10-31 16:49:53'),(120,78,62,3,'2020-10-31 16:49:53'),(121,82,87,4,'2020-10-31 16:49:53'),(122,88,69,4,'2020-10-31 16:49:53'),(123,91,16,1,'2020-10-31 16:49:53'),(124,78,76,2,'2020-10-31 16:49:53'),(125,99,56,4,'2020-10-31 16:49:53'),(126,54,18,1,'2020-10-31 16:49:53'),(127,65,54,3,'2020-10-31 16:49:53'),(128,12,35,2,'2020-10-31 16:49:53'),(129,79,83,4,'2020-10-31 16:49:53'),(130,50,11,1,'2020-10-31 16:49:53'),(131,82,1,3,'2020-10-31 16:49:53'),(132,88,64,3,'2020-10-31 16:49:53'),(133,96,4,2,'2020-10-31 16:49:53'),(134,56,79,2,'2020-10-31 16:49:53'),(135,99,13,3,'2020-10-31 16:49:53'),(136,92,61,2,'2020-10-31 16:49:53'),(137,51,73,1,'2020-10-31 16:49:53'),(138,38,57,3,'2020-10-31 16:49:53'),(139,69,42,1,'2020-10-31 16:49:53'),(140,82,4,3,'2020-10-31 16:49:53'),(141,58,66,3,'2020-10-31 16:49:53'),(142,77,21,3,'2020-10-31 16:49:53'),(143,94,54,4,'2020-10-31 16:49:53'),(144,78,26,4,'2020-10-31 16:49:53'),(145,100,12,3,'2020-10-31 16:49:53'),(146,66,47,2,'2020-10-31 16:49:53'),(147,45,12,1,'2020-10-31 16:49:53'),(148,83,44,3,'2020-10-31 16:49:53'),(149,23,1,2,'2020-10-31 16:49:53'),(150,81,92,1,'2020-10-31 16:49:53'),(151,8,87,1,'2020-10-31 16:49:53'),(152,7,92,2,'2020-10-31 16:49:53'),(153,19,79,2,'2020-10-31 16:49:53'),(154,44,12,2,'2020-10-31 16:49:53'),(155,93,86,3,'2020-10-31 16:49:53'),(156,4,63,1,'2020-10-31 16:49:53'),(157,26,21,2,'2020-10-31 16:49:53'),(158,70,69,2,'2020-10-31 16:49:53'),(159,55,78,1,'2020-10-31 16:49:53'),(160,91,78,1,'2020-10-31 16:49:53'),(161,47,85,4,'2020-10-31 16:49:53'),(162,70,95,3,'2020-10-31 16:49:53'),(163,32,68,2,'2020-10-31 16:49:53'),(164,15,45,4,'2020-10-31 16:49:53'),(165,56,45,3,'2020-10-31 16:49:53'),(166,46,61,3,'2020-10-31 16:49:53'),(167,41,12,2,'2020-10-31 16:49:53'),(168,36,78,4,'2020-10-31 16:49:53'),(169,62,72,3,'2020-10-31 16:49:53'),(170,45,9,1,'2020-10-31 16:49:53'),(171,20,70,4,'2020-10-31 16:49:53'),(172,33,98,4,'2020-10-31 16:49:53'),(173,68,60,4,'2020-10-31 16:49:53'),(174,7,44,4,'2020-10-31 16:49:53'),(175,43,30,1,'2020-10-31 16:49:53'),(176,15,13,1,'2020-10-31 16:49:53'),(177,50,96,2,'2020-10-31 16:49:53'),(178,63,23,1,'2020-10-31 16:49:53'),(179,58,12,4,'2020-10-31 16:49:53'),(180,91,100,2,'2020-10-31 16:49:53'),(181,31,77,4,'2020-10-31 16:49:53'),(182,19,26,3,'2020-10-31 16:49:53'),(183,73,52,2,'2020-10-31 16:49:53'),(184,52,35,1,'2020-10-31 16:49:53'),(185,78,39,3,'2020-10-31 16:49:53'),(186,86,48,4,'2020-10-31 16:49:53'),(187,58,49,3,'2020-10-31 16:49:53'),(188,99,87,2,'2020-10-31 16:49:53'),(189,25,14,4,'2020-10-31 16:49:53'),(190,25,43,2,'2020-10-31 16:49:53'),(191,72,40,4,'2020-10-31 16:49:53'),(192,97,35,4,'2020-10-31 16:49:53'),(193,14,19,3,'2020-10-31 16:49:53'),(194,98,37,4,'2020-10-31 16:49:53'),(195,40,29,2,'2020-10-31 16:49:53'),(196,42,30,1,'2020-10-31 16:49:53'),(197,28,67,3,'2020-10-31 16:49:53'),(198,65,63,1,'2020-10-31 16:49:53'),(199,11,92,2,'2020-10-31 16:49:53'),(200,71,65,1,'2020-10-31 16:49:53'),(201,69,7,1,'2020-10-31 16:49:53'),(202,3,39,4,'2020-10-31 16:49:53'),(203,19,31,4,'2020-10-31 16:49:53'),(204,6,31,2,'2020-10-31 16:49:53'),(205,79,90,1,'2020-10-31 16:49:53'),(206,2,65,1,'2020-10-31 16:49:53'),(207,90,1,2,'2020-10-31 16:49:53'),(208,61,5,2,'2020-10-31 16:49:53'),(209,95,49,3,'2020-10-31 16:49:53'),(210,47,60,3,'2020-10-31 16:49:53'),(211,100,33,3,'2020-10-31 16:49:53'),(212,23,22,2,'2020-10-31 16:49:53'),(213,38,64,1,'2020-10-31 16:49:53'),(214,48,16,2,'2020-10-31 16:49:53'),(215,29,38,1,'2020-10-31 16:49:53'),(216,99,86,2,'2020-10-31 16:49:53'),(217,11,51,1,'2020-10-31 16:49:53'),(218,59,28,3,'2020-10-31 16:49:53'),(219,17,4,3,'2020-10-31 16:49:53'),(220,40,87,1,'2020-10-31 16:49:53'),(221,18,41,3,'2020-10-31 16:49:53'),(222,34,13,3,'2020-10-31 16:49:53'),(223,78,100,3,'2020-10-31 16:49:53'),(224,18,1,2,'2020-10-31 16:49:53'),(225,36,34,3,'2020-10-31 16:49:53'),(226,19,2,3,'2020-10-31 16:49:53'),(227,54,15,1,'2020-10-31 16:49:53'),(228,12,25,4,'2020-10-31 16:49:53'),(229,66,63,1,'2020-10-31 16:49:53'),(230,4,62,4,'2020-10-31 16:49:53'),(231,12,60,3,'2020-10-31 16:49:53'),(232,30,62,1,'2020-10-31 16:49:53'),(233,15,14,1,'2020-10-31 16:49:53'),(234,83,41,3,'2020-10-31 16:49:53'),(235,46,68,1,'2020-10-31 16:49:53'),(236,99,94,3,'2020-10-31 16:49:53'),(237,82,88,4,'2020-10-31 16:49:53'),(238,18,100,2,'2020-10-31 16:49:53'),(239,18,58,2,'2020-10-31 16:49:53'),(240,2,3,1,'2020-10-31 16:49:53'),(241,43,81,4,'2020-10-31 16:49:53'),(242,39,67,1,'2020-10-31 16:49:53'),(243,75,29,1,'2020-10-31 16:49:53'),(244,2,57,4,'2020-10-31 16:49:53'),(245,27,96,4,'2020-10-31 16:49:53'),(246,96,89,3,'2020-10-31 16:49:53'),(247,12,92,1,'2020-10-31 16:49:53'),(248,48,66,4,'2020-10-31 16:49:53'),(249,19,43,3,'2020-10-31 16:49:53'),(250,63,39,1,'2020-10-31 16:49:53'),(251,14,50,1,'2020-10-31 16:49:53'),(252,86,6,3,'2020-10-31 16:49:53'),(253,51,33,1,'2020-10-31 16:49:53'),(254,63,74,4,'2020-10-31 16:49:53'),(255,97,30,3,'2020-10-31 16:49:53'),(256,18,2,3,'2020-10-31 16:49:53'),(257,73,99,3,'2020-10-31 16:49:53'),(258,69,23,1,'2020-10-31 16:49:53'),(259,81,74,1,'2020-10-31 16:49:53'),(260,1,30,2,'2020-10-31 16:49:53'),(261,55,27,3,'2020-10-31 16:49:53'),(262,63,9,3,'2020-10-31 16:49:53'),(263,45,63,4,'2020-10-31 16:49:53'),(264,100,65,2,'2020-10-31 16:49:53'),(265,39,13,2,'2020-10-31 16:49:53'),(266,89,10,4,'2020-10-31 16:49:53'),(267,80,55,2,'2020-10-31 16:49:53'),(268,95,79,1,'2020-10-31 16:49:53'),(269,15,42,3,'2020-10-31 16:49:53'),(270,89,57,1,'2020-10-31 16:49:53'),(271,5,80,4,'2020-10-31 16:49:53'),(272,85,69,4,'2020-10-31 16:49:53'),(273,36,13,3,'2020-10-31 16:49:53'),(274,45,53,2,'2020-10-31 16:49:53'),(275,85,38,2,'2020-10-31 16:49:53'),(276,67,25,1,'2020-10-31 16:49:53'),(277,46,55,2,'2020-10-31 16:49:53'),(278,29,27,2,'2020-10-31 16:49:53'),(279,58,44,2,'2020-10-31 16:49:53'),(280,8,96,3,'2020-10-31 16:49:53'),(281,80,37,2,'2020-10-31 16:49:53'),(282,15,37,2,'2020-10-31 16:49:53'),(283,100,70,3,'2020-10-31 16:49:53'),(284,50,92,1,'2020-10-31 16:49:53'),(285,76,50,1,'2020-10-31 16:49:53'),(286,46,73,1,'2020-10-31 16:49:53'),(287,1,34,3,'2020-10-31 16:49:53'),(288,21,11,4,'2020-10-31 16:49:53'),(289,17,13,1,'2020-10-31 16:49:53'),(290,29,5,2,'2020-10-31 16:49:53'),(291,65,18,4,'2020-10-31 16:49:53'),(292,11,75,2,'2020-10-31 16:49:53'),(293,77,62,4,'2020-10-31 16:49:53'),(294,13,25,4,'2020-10-31 16:49:53'),(295,56,21,2,'2020-10-31 16:49:53'),(296,15,68,4,'2020-10-31 16:49:53'),(297,63,32,3,'2020-10-31 16:49:53'),(298,67,17,4,'2020-10-31 16:49:53'),(299,63,68,2,'2020-10-31 16:49:53'),(300,32,20,1,'2020-10-31 16:49:53');
/*!40000 ALTER TABLE `likes` ENABLE KEYS */;
UNLOCK TABLES;

--
-- Table structure for table `media`
--

DROP TABLE IF EXISTS `media`;
/*!40101 SET @saved_cs_client     = @@character_set_client */;
/*!50503 SET character_set_client = utf8mb4 */;
CREATE TABLE `media` (
  `id` int unsigned NOT NULL AUTO_INCREMENT COMMENT 'ðÿð┤ðÁð¢Ðéð©Ðäð©ð║ð░Ðéð¥ÐÇ ÐüÐéÐÇð¥ð║ð©',
  `user_id` int unsigned NOT NULL COMMENT 'ðíÐüÐïð╗ð║ð░ ð¢ð░ ð┐ð¥ð╗ÐîðÀð¥ð▓ð░ÐéðÁð╗ÐÅ, ð║ð¥Ðéð¥ÐÇÐïð╣ ðÀð░ð│ÐÇÐâðÀð©ð╗ Ðäð░ð╣ð╗',
  `filename` varchar(255) CHARACTER SET utf8 COLLATE utf8_unicode_ci NOT NULL COMMENT 'ðƒÐâÐéÐî ð║ Ðäð░ð╣ð╗Ðâ',
  `size` int NOT NULL COMMENT 'ðáð░ðÀð╝ðÁÐÇ Ðäð░ð╣ð╗ð░',
  `metadata` json DEFAULT NULL,
  `media_type_id` int unsigned NOT NULL COMMENT 'ðíÐüÐïð╗ð║ð░ ð¢ð░ Ðéð©ð┐ ð║ð¥ð¢ÐéðÁð¢Ðéð░',
  `created_at` datetime DEFAULT CURRENT_TIMESTAMP COMMENT 'ðÆÐÇðÁð╝ÐÅ Ðüð¥ðÀð┤ð░ð¢ð©ÐÅ ÐüÐéÐÇð¥ð║ð©',
  `updated_at` datetime DEFAULT CURRENT_TIMESTAMP ON UPDATE CURRENT_TIMESTAMP COMMENT 'ðÆÐÇðÁð╝ÐÅ ð¥ð▒ð¢ð¥ð▓ð╗ðÁð¢ð©ÐÅ ÐüÐéÐÇð¥ð║ð©',
  PRIMARY KEY (`id`),
  KEY `media_media_type_id_fk` (`media_type_id`),
  CONSTRAINT `media_media_type_id_fk` FOREIGN KEY (`media_type_id`) REFERENCES `media_types` (`id`) ON DELETE CASCADE,
  CONSTRAINT `media_chk_1` CHECK (json_valid(`metadata`))
) ENGINE=InnoDB AUTO_INCREMENT=301 DEFAULT CHARSET=utf8 COLLATE=utf8_unicode_ci COMMENT='ð£ðÁð┤ð©ð░Ðäð░ð╣ð╗Ðï';
/*!40101 SET character_set_client = @saved_cs_client */;

--
-- Dumping data for table `media`
--

LOCK TABLES `media` WRITE;
/*!40000 ALTER TABLE `media` DISABLE KEYS */;
INSERT INTO `media` VALUES (1,56,'http//dropbox.net/vk/Colliermp3',30985991,'{\"owner\": \"Faye Doyle\"}',1,'1988-12-09 18:01:22','2020-10-21 07:34:06'),(2,27,'http//dropbox.net/vk/Mayertmp3',77882540,'{\"owner\": \"Krystina Steuber\"}',2,'2015-03-27 02:43:19','2020-10-21 07:34:06'),(3,51,'http//dropbox.net/vk/Rippinjpeg',72190222,'{\"owner\": \"Adolfo Will\"}',3,'1991-11-08 15:05:42','2020-10-21 07:34:06'),(4,63,'http//dropbox.net/vk/Medhurstjpeg',27293494,'{\"owner\": \"Stone Kreiger\"}',1,'1985-02-11 16:22:56','2020-10-21 07:34:06'),(5,94,'http//dropbox.net/vk/Shanahanjpeg',19886807,'{\"owner\": \"Delphia Russel\"}',3,'1994-09-22 11:54:26','2020-10-21 07:34:06'),(6,98,'http//dropbox.net/vk/Olsonjpeg',576206680,'{\"owner\": \"Viviane Bernhard\"}',3,'1994-12-17 05:39:49','2020-10-21 07:34:06'),(7,17,'http//dropbox.net/vk/Colejpeg',8130453,'{\"owner\": \"Aditya Sporer\"}',1,'2011-07-29 08:26:24','2020-10-21 07:34:06'),(8,8,'http//dropbox.net/vk/Ritchiepng',145188,'{\"owner\": \"Clifford Feest\"}',2,'2002-06-08 09:50:01','2020-10-21 07:34:06'),(9,44,'http//dropbox.net/vk/Ornpng',2801,'{\"owner\": \"Betsy Corwin\"}',3,'1999-04-07 21:41:47','2020-10-21 07:34:06'),(10,19,'http//dropbox.net/vk/Schowalterjpeg',193417659,'{\"owner\": \"Jaylen Konopelski\"}',2,'2000-07-26 18:30:31','2020-10-21 07:34:06'),(11,30,'http//dropbox.net/vk/Steuberjpeg',9868,'{\"owner\": \"Augustus Cremin\"}',1,'1997-08-12 04:40:34','2020-10-21 07:34:06'),(12,89,'http//dropbox.net/vk/Mayertpng',17543556,'{\"owner\": \"Charlene Murazik\"}',2,'2002-01-29 06:25:05','2020-10-21 07:34:06'),(13,33,'http//dropbox.net/vk/Andersonjpeg',61271502,'{\"owner\": \"Retha Glover\"}',3,'2001-11-24 20:45:36','2020-10-21 07:34:06'),(14,95,'http//dropbox.net/vk/Schowalterpng',28047363,'{\"owner\": \"Andrew Heaney\"}',2,'1991-05-13 03:52:33','2020-10-21 07:34:06'),(15,45,'http//dropbox.net/vk/Borermpeg4',51986324,'{\"owner\": \"Natasha Cole\"}',2,'1993-01-02 03:37:45','2020-10-21 07:34:06'),(16,74,'http//dropbox.net/vk/Schowalterjpeg',2535,'{\"owner\": \"Norene Kiehn\"}',1,'2012-02-14 20:59:31','2020-10-21 07:34:06'),(17,12,'http//dropbox.net/vk/Goyettepng',80375681,'{\"owner\": \"Leon Anderson\"}',2,'1975-12-26 15:30:28','2020-10-21 07:34:06'),(18,17,'http//dropbox.net/vk/Mertzjpeg',87596152,'{\"owner\": \"Aditya Sporer\"}',2,'2005-08-15 03:01:56','2020-10-21 07:34:06'),(19,90,'http//dropbox.net/vk/Olsonmp3',89533,'{\"owner\": \"Keven Runte\"}',3,'1995-05-05 03:55:23','2020-10-21 07:34:06'),(20,88,'http//dropbox.net/vk/Bernhardjpeg',3653109,'{\"owner\": \"Dallin Douglas\"}',2,'1985-07-15 18:06:25','2020-10-21 07:34:06'),(21,1,'http//dropbox.net/vk/Hahnmp3',53828673,'{\"owner\": \"Broderick Murphy\"}',3,'1995-11-05 08:00:23','2020-10-21 07:34:06'),(22,58,'http//dropbox.net/vk/Ullrichmp3',6344911,'{\"owner\": \"Maxime Medhurst\"}',1,'2010-05-17 04:32:15','2020-10-21 07:34:06'),(23,38,'http//dropbox.net/vk/Wittingpng',70228541,'{\"owner\": \"Jermey Shanahan\"}',2,'2011-01-26 22:32:08','2020-10-21 07:34:06'),(24,47,'http//dropbox.net/vk/Bernhardjpeg',32097975,'{\"owner\": \"Della Ortiz\"}',3,'2017-08-16 21:53:11','2020-10-21 07:34:06'),(25,46,'http//dropbox.net/vk/Harrismpeg4',49794256,'{\"owner\": \"Velda Prohaska\"}',1,'2016-06-06 14:05:04','2020-10-21 07:34:06'),(26,54,'http//dropbox.net/vk/Steubermp3',952826479,'{\"owner\": \"Arnold Baumbach\"}',3,'1982-02-02 17:04:57','2020-10-21 07:34:06'),(27,26,'http//dropbox.net/vk/Harrisjpeg',6818,'{\"owner\": \"Clarissa Rippin\"}',2,'2020-05-10 08:39:20','2020-10-21 07:34:06'),(28,13,'http//dropbox.net/vk/Baumbachmp3',7147990,'{\"owner\": \"Korbin Harber\"}',2,'1982-02-12 02:23:48','2020-10-21 07:34:06'),(29,26,'http//dropbox.net/vk/Borerjpeg',52667356,'{\"owner\": \"Clarissa Rippin\"}',2,'2007-07-22 14:21:04','2020-10-21 07:34:06'),(30,62,'http//dropbox.net/vk/Willmpeg4',615655,'{\"owner\": \"Cayla Heaney\"}',1,'2004-02-24 09:27:39','2020-10-21 07:34:06'),(31,7,'http//dropbox.net/vk/Rippinmpeg4',13944019,'{\"owner\": \"Houston Goyette\"}',1,'2012-07-15 15:44:28','2020-10-21 07:34:06'),(32,4,'http//dropbox.net/vk/Wittingjpeg',11708030,'{\"owner\": \"Viva Pagac\"}',1,'1993-12-13 13:18:46','2020-10-21 07:34:06'),(33,42,'http//dropbox.net/vk/Baumbachmpeg4',1464570,'{\"owner\": \"Ellsworth Orn\"}',3,'2011-12-22 19:23:30','2020-10-21 07:34:06'),(34,67,'http//dropbox.net/vk/Mohrpng',4641387,'{\"owner\": \"Ali Wyman\"}',2,'1973-01-15 02:45:13','2020-10-21 07:34:06'),(35,16,'http//dropbox.net/vk/Creminmpeg4',2303,'{\"owner\": \"Elena Roob\"}',2,'1974-08-12 11:41:28','2020-10-21 07:34:06'),(36,83,'http//dropbox.net/vk/Kreigermpeg4',178948775,'{\"owner\": \"Harvey Barrows\"}',1,'2019-04-03 01:02:40','2020-10-21 07:34:06'),(37,47,'http//dropbox.net/vk/Walshpng',347643173,'{\"owner\": \"Della Ortiz\"}',1,'2014-07-08 00:54:06','2020-10-21 07:34:06'),(38,72,'http//dropbox.net/vk/Faymp3',44222001,'{\"owner\": \"Linwood DuBuque\"}',3,'1992-06-09 10:34:44','2020-10-21 07:34:06'),(39,73,'http//dropbox.net/vk/Runtempeg4',463203,'{\"owner\": \"Davin Veum\"}',1,'1986-11-25 05:02:10','2020-10-21 07:34:06'),(40,92,'http//dropbox.net/vk/Mullerjpeg',38276,'{\"owner\": \"Zoila Price\"}',1,'1988-12-03 19:51:29','2020-10-21 07:34:06'),(41,19,'http//dropbox.net/vk/Collierjpeg',5243357,'{\"owner\": \"Jaylen Konopelski\"}',2,'2008-10-28 22:38:03','2020-10-21 07:34:06'),(42,54,'http//dropbox.net/vk/Emardmpeg4',16698095,'{\"owner\": \"Arnold Baumbach\"}',2,'1993-01-16 18:15:54','2020-10-21 07:34:06'),(43,36,'http//dropbox.net/vk/Durganjpeg',8011,'{\"owner\": \"Duncan Considine\"}',1,'2014-05-08 03:00:01','2020-10-21 07:34:06'),(44,92,'http//dropbox.net/vk/Veumjpeg',7982,'{\"owner\": \"Zoila Price\"}',1,'1971-01-02 00:41:07','2020-10-21 07:34:06'),(45,78,'http//dropbox.net/vk/Harberpng',48356391,'{\"owner\": \"Beverly Borer\"}',1,'2000-09-08 07:36:16','2020-10-21 07:34:06'),(46,9,'http//dropbox.net/vk/Medhurstpng',91677673,'{\"owner\": \"Alex Mayert\"}',3,'1981-04-23 09:08:12','2020-10-21 07:34:06'),(47,4,'http//dropbox.net/vk/Andersonmpeg4',715209,'{\"owner\": \"Viva Pagac\"}',3,'1983-06-04 20:33:15','2020-10-21 07:34:06'),(48,33,'http//dropbox.net/vk/Bernhardpng',83144033,'{\"owner\": \"Retha Glover\"}',2,'2004-03-17 21:47:27','2020-10-21 07:34:06'),(49,90,'http//dropbox.net/vk/Douglasjpeg',783362,'{\"owner\": \"Keven Runte\"}',2,'2004-04-30 16:12:29','2020-10-21 07:34:06'),(50,12,'http//dropbox.net/vk/Rippinmpeg4',13309194,'{\"owner\": \"Leon Anderson\"}',2,'1972-06-15 17:01:31','2020-10-21 07:34:06'),(51,71,'http//dropbox.net/vk/Schowaltermp3',91502954,'{\"owner\": \"Darien Harris\"}',2,'2014-08-14 21:06:42','2020-10-21 07:34:06'),(52,88,'http//dropbox.net/vk/Grantpng',17577194,'{\"owner\": \"Dallin Douglas\"}',1,'2009-05-18 07:49:00','2020-10-21 07:34:06'),(53,73,'http//dropbox.net/vk/Wymanjpeg',8555,'{\"owner\": \"Davin Veum\"}',1,'2010-12-28 00:11:55','2020-10-21 07:34:06'),(54,59,'http//dropbox.net/vk/Pagacpng',13367112,'{\"owner\": \"Emery Durgan\"}',1,'2019-12-22 09:14:40','2020-10-21 07:34:06'),(55,71,'http//dropbox.net/vk/Shanahanpng',457761,'{\"owner\": \"Darien Harris\"}',1,'2020-09-13 01:06:03','2020-10-21 07:34:06'),(56,7,'http//dropbox.net/vk/Borerjpeg',886811640,'{\"owner\": \"Houston Goyette\"}',1,'2004-09-13 21:57:40','2020-10-21 07:34:06'),(57,77,'http//dropbox.net/vk/Veummp3',73286,'{\"owner\": \"Conrad Christiansen\"}',3,'1974-05-11 10:27:54','2020-10-21 07:34:06'),(58,50,'http//dropbox.net/vk/Shanahanjpeg',328107,'{\"owner\": \"Terence Thompson\"}',3,'1987-10-07 07:01:03','2020-10-21 07:34:06'),(59,46,'http//dropbox.net/vk/Konopelskijpeg',2170109,'{\"owner\": \"Velda Prohaska\"}',2,'2011-02-23 02:07:19','2020-10-21 07:34:06'),(60,5,'http//dropbox.net/vk/Raujpeg',14093980,'{\"owner\": \"Ross Gorczany\"}',3,'1981-12-26 14:45:26','2020-10-21 07:34:06'),(61,90,'http//dropbox.net/vk/Thompsonjpeg',97460059,'{\"owner\": \"Keven Runte\"}',1,'2003-05-14 19:43:08','2020-10-21 07:34:06'),(62,11,'http//dropbox.net/vk/Willmp3',5734563,'{\"owner\": \"Fernando Will\"}',2,'1992-06-24 11:55:22','2020-10-21 07:34:06'),(63,24,'http//dropbox.net/vk/Kreigermp3',30358570,'{\"owner\": \"Iliana Harris\"}',3,'2012-09-10 11:13:02','2020-10-21 07:34:06'),(64,25,'http//dropbox.net/vk/Treutelpng',4126233,'{\"owner\": \"Brice Schimmel\"}',1,'2017-04-01 19:43:09','2020-10-21 07:34:06'),(65,23,'http//dropbox.net/vk/Feestmpeg4',326149,'{\"owner\": \"Buford Bins\"}',2,'1992-02-13 16:43:40','2020-10-21 07:34:06'),(66,56,'http//dropbox.net/vk/Barrowsmpeg4',284919,'{\"owner\": \"Faye Doyle\"}',1,'1974-11-26 19:19:48','2020-10-21 07:34:06'),(67,36,'http//dropbox.net/vk/Steuberpng',5132931,'{\"owner\": \"Duncan Considine\"}',3,'1979-08-27 10:28:06','2020-10-21 07:34:06'),(68,2,'http//dropbox.net/vk/Considinemp3',2267531,'{\"owner\": \"Adan Bode\"}',1,'1987-11-06 00:58:27','2020-10-21 07:34:06'),(69,9,'http//dropbox.net/vk/Binsjpeg',9500912,'{\"owner\": \"Alex Mayert\"}',1,'1971-05-23 13:25:24','2020-10-21 07:34:06'),(70,83,'http//dropbox.net/vk/Shanahanmp3',56418854,'{\"owner\": \"Harvey Barrows\"}',3,'1995-06-16 06:03:30','2020-10-21 07:34:06'),(71,4,'http//dropbox.net/vk/Rutherfordpng',53581538,'{\"owner\": \"Viva Pagac\"}',3,'1985-07-23 03:42:50','2020-10-21 07:34:06'),(72,90,'http//dropbox.net/vk/McKenziepng',98641131,'{\"owner\": \"Keven Runte\"}',2,'1973-04-26 12:23:48','2020-10-21 07:34:06'),(73,2,'http//dropbox.net/vk/Considinempeg4',32451043,'{\"owner\": \"Adan Bode\"}',1,'1980-03-10 03:05:51','2020-10-21 07:34:06'),(74,8,'http//dropbox.net/vk/Pricemp3',13722023,'{\"owner\": \"Clifford Feest\"}',3,'2002-01-19 22:55:58','2020-10-21 07:34:06'),(75,90,'http//dropbox.net/vk/Weissnatmpeg4',66321828,'{\"owner\": \"Keven Runte\"}',1,'2001-01-31 07:21:07','2020-10-21 07:34:06'),(76,62,'http//dropbox.net/vk/Harrismpeg4',34246014,'{\"owner\": \"Cayla Heaney\"}',1,'1993-05-05 12:19:51','2020-10-21 07:34:06'),(77,3,'http//dropbox.net/vk/Binspng',78263766,'{\"owner\": \"Stephany Fay\"}',2,'1994-03-01 02:12:44','2020-10-21 07:34:06'),(78,100,'http//dropbox.net/vk/Considinepng',4835,'{\"owner\": \"Terrill McKenzie\"}',3,'2005-01-19 17:46:53','2020-10-21 07:34:06'),(79,38,'http//dropbox.net/vk/Murazikjpeg',72254588,'{\"owner\": \"Jermey Shanahan\"}',1,'2003-07-23 11:05:34','2020-10-21 07:34:06'),(80,99,'http//dropbox.net/vk/Faympeg4',63645,'{\"owner\": \"Agnes Murray\"}',2,'1984-07-03 08:38:14','2020-10-21 07:34:06'),(81,96,'http//dropbox.net/vk/Bechtelarpng',71008,'{\"owner\": \"Isabella Kuhn\"}',2,'2006-04-06 23:18:24','2020-10-21 07:34:06'),(82,63,'http//dropbox.net/vk/Colliermp3',58524901,'{\"owner\": \"Stone Kreiger\"}',2,'1997-09-15 23:39:43','2020-10-21 07:34:06'),(83,10,'http//dropbox.net/vk/Goyettempeg4',648317198,'{\"owner\": \"Abraham Kihn\"}',1,'2011-12-04 11:26:48','2020-10-21 07:34:06'),(84,3,'http//dropbox.net/vk/Kreigermp3',16739258,'{\"owner\": \"Stephany Fay\"}',3,'2015-01-02 08:48:30','2020-10-21 07:34:06'),(85,75,'http//dropbox.net/vk/Bernhardjpeg',75850746,'{\"owner\": \"Jaydon Orn\"}',2,'1973-05-28 01:45:38','2020-10-21 07:34:06'),(86,52,'http//dropbox.net/vk/Mohrmpeg4',61776,'{\"owner\": \"Ophelia Emard\"}',2,'1973-09-22 12:40:07','2020-10-21 07:34:06'),(87,62,'http//dropbox.net/vk/DuBuquejpeg',2587914,'{\"owner\": \"Cayla Heaney\"}',1,'1998-12-14 06:19:21','2020-10-21 07:34:06'),(88,79,'http//dropbox.net/vk/Weissnatpng',3669030,'{\"owner\": \"Alivia Tillman\"}',2,'2018-05-23 19:14:36','2020-10-21 07:34:06'),(89,71,'http//dropbox.net/vk/Schimmelmp3',54287721,'{\"owner\": \"Darien Harris\"}',1,'1999-04-04 20:59:24','2020-10-21 07:34:06'),(90,14,'http//dropbox.net/vk/Kiehnjpeg',882370,'{\"owner\": \"Unique Casper\"}',2,'1976-07-13 02:13:25','2020-10-21 07:34:06'),(91,19,'http//dropbox.net/vk/McKenziejpeg',90782917,'{\"owner\": \"Jaylen Konopelski\"}',2,'2019-02-02 14:10:42','2020-10-21 07:34:06'),(92,49,'http//dropbox.net/vk/Glovermp3',42897498,'{\"owner\": \"Twila Glover\"}',2,'1996-06-20 01:24:44','2020-10-21 07:34:06'),(93,15,'http//dropbox.net/vk/Emardmp3',42128743,'{\"owner\": \"Lorna Ritchie\"}',1,'1978-04-23 20:59:04','2020-10-21 07:34:06'),(94,24,'http//dropbox.net/vk/Thompsonmpeg4',8741097,'{\"owner\": \"Iliana Harris\"}',3,'1991-03-28 11:39:30','2020-10-21 07:34:06'),(95,80,'http//dropbox.net/vk/Rippinmp3',81941223,'{\"owner\": \"Salvatore White\"}',2,'1989-11-24 07:15:28','2020-10-21 07:34:06'),(96,18,'http//dropbox.net/vk/Bernhardpng',18537994,'{\"owner\": \"Rosalia Mitchell\"}',1,'1978-04-09 17:50:13','2020-10-21 07:34:06'),(97,91,'http//dropbox.net/vk/Faypng',2533398,'{\"owner\": \"Benton Steuber\"}',3,'2018-05-20 17:18:52','2020-10-21 07:34:06'),(98,41,'http//dropbox.net/vk/Glovermpeg4',1866864,'{\"owner\": \"Eloisa Muller\"}',1,'1993-01-05 04:52:39','2020-10-21 07:34:06'),(99,44,'http//dropbox.net/vk/Runtemp3',83309890,'{\"owner\": \"Betsy Corwin\"}',2,'1976-05-10 04:33:50','2020-10-21 07:34:06'),(100,87,'http//dropbox.net/vk/Weissnatpng',183779,'{\"owner\": \"Esther O\'Conner\"}',3,'1979-02-05 21:20:51','2020-10-21 07:34:06'),(101,27,'http//dropbox.net/vk/Mitchellmp3',70715783,'{\"owner\": \"Krystina Steuber\"}',1,'2019-02-06 01:59:40','2020-10-21 07:34:06'),(102,6,'http//dropbox.net/vk/Ullrichmpeg4',3383535,'{\"owner\": \"Georgiana Mohr\"}',2,'1983-05-29 13:48:33','2020-10-21 07:34:06'),(103,43,'http//dropbox.net/vk/O\'Connerjpeg',3639251,'{\"owner\": \"Leslie Heathcote\"}',3,'1980-07-08 06:04:29','2020-10-21 07:34:06'),(104,43,'http//dropbox.net/vk/Leannonmpeg4',6038909,'{\"owner\": \"Leslie Heathcote\"}',1,'2000-10-11 08:42:28','2020-10-21 07:34:06'),(105,27,'http//dropbox.net/vk/Runtejpeg',5326,'{\"owner\": \"Krystina Steuber\"}',2,'1976-11-24 05:30:12','2020-10-21 07:34:06'),(106,42,'http//dropbox.net/vk/Binspng',19266798,'{\"owner\": \"Ellsworth Orn\"}',1,'1987-01-06 23:08:00','2020-10-21 07:34:06'),(107,84,'http//dropbox.net/vk/Harberjpeg',94573530,'{\"owner\": \"Ila Ullrich\"}',3,'2001-12-24 21:05:58','2020-10-21 07:34:06'),(108,13,'http//dropbox.net/vk/Carrollmpeg4',1424011,'{\"owner\": \"Korbin Harber\"}',1,'1976-11-18 17:40:24','2020-10-21 07:34:06'),(109,37,'http//dropbox.net/vk/Wittingmpeg4',801665260,'{\"owner\": \"Saul Treutel\"}',1,'2010-01-12 07:56:47','2020-10-21 07:34:06'),(110,38,'http//dropbox.net/vk/Heathcotemp3',32710,'{\"owner\": \"Jermey Shanahan\"}',1,'1982-02-06 21:37:30','2020-10-21 07:34:06'),(111,69,'http//dropbox.net/vk/Leannonmpeg4',37698,'{\"owner\": \"Emilia Bechtelar\"}',3,'1986-12-23 20:53:04','2020-10-21 07:34:06'),(112,45,'http//dropbox.net/vk/Walshjpeg',629805427,'{\"owner\": \"Natasha Cole\"}',1,'2019-04-10 13:14:44','2020-10-21 07:34:06'),(113,71,'http//dropbox.net/vk/Konopelskimpeg4',2431859,'{\"owner\": \"Darien Harris\"}',2,'1974-06-25 09:38:04','2020-10-21 07:34:06'),(114,50,'http//dropbox.net/vk/Colepng',382513097,'{\"owner\": \"Terence Thompson\"}',1,'1980-02-22 01:17:43','2020-10-21 07:34:06'),(115,17,'http//dropbox.net/vk/Emardpng',16350,'{\"owner\": \"Aditya Sporer\"}',3,'1978-03-15 12:38:03','2020-10-21 07:34:06'),(116,81,'http//dropbox.net/vk/Rutherfordpng',78207263,'{\"owner\": \"Cyril Leannon\"}',1,'1981-08-24 23:09:30','2020-10-21 07:34:06'),(117,23,'http//dropbox.net/vk/Heaneympeg4',33225924,'{\"owner\": \"Buford Bins\"}',3,'1982-04-08 14:56:25','2020-10-21 07:34:06'),(118,73,'http//dropbox.net/vk/Barrowsmp3',31497837,'{\"owner\": \"Davin Veum\"}',1,'1989-05-29 14:06:28','2020-10-21 07:34:06'),(119,76,'http//dropbox.net/vk/Shanahanmp3',2041,'{\"owner\": \"Kamren Hamill\"}',3,'2014-08-11 21:09:05','2020-10-21 07:34:06'),(120,66,'http//dropbox.net/vk/Altenwerthmp3',4161,'{\"owner\": \"Dawson Mitchell\"}',2,'1996-05-10 17:16:08','2020-10-21 07:34:06'),(121,40,'http//dropbox.net/vk/Willjpeg',406366254,'{\"owner\": \"Olga Reinger\"}',2,'1987-04-06 02:59:04','2020-10-21 07:34:06'),(122,8,'http//dropbox.net/vk/Veummpeg4',6260,'{\"owner\": \"Clifford Feest\"}',1,'2005-07-02 16:53:31','2020-10-21 07:34:06'),(123,3,'http//dropbox.net/vk/Rippinjpeg',57801417,'{\"owner\": \"Stephany Fay\"}',2,'1988-12-19 16:06:18','2020-10-21 07:34:06'),(124,21,'http//dropbox.net/vk/Durganpng',94503578,'{\"owner\": \"Jena Olson\"}',1,'1996-12-01 19:02:08','2020-10-21 07:34:06'),(125,81,'http//dropbox.net/vk/Doylemp3',99103640,'{\"owner\": \"Cyril Leannon\"}',3,'1982-03-07 20:14:51','2020-10-21 07:34:06'),(126,90,'http//dropbox.net/vk/Bernhardmp3',11997470,'{\"owner\": \"Keven Runte\"}',2,'2005-10-31 17:38:00','2020-10-21 07:34:06'),(127,92,'http//dropbox.net/vk/Harrispng',12838,'{\"owner\": \"Zoila Price\"}',3,'2007-06-08 23:04:11','2020-10-21 07:34:06'),(128,14,'http//dropbox.net/vk/Grantjpeg',62666436,'{\"owner\": \"Unique Casper\"}',3,'1974-11-03 10:05:26','2020-10-21 07:34:06'),(129,52,'http//dropbox.net/vk/Corwinpng',681424760,'{\"owner\": \"Ophelia Emard\"}',2,'1995-09-30 17:45:24','2020-10-21 07:34:06'),(130,47,'http//dropbox.net/vk/Raupng',4805,'{\"owner\": \"Della Ortiz\"}',1,'1973-02-26 09:44:33','2020-10-21 07:34:06'),(131,41,'http//dropbox.net/vk/Tillmanpng',22294,'{\"owner\": \"Eloisa Muller\"}',2,'1999-03-06 22:12:30','2020-10-21 07:34:06'),(132,69,'http//dropbox.net/vk/Gloverjpeg',756452517,'{\"owner\": \"Emilia Bechtelar\"}',3,'2005-01-04 08:18:15','2020-10-21 07:34:06'),(133,75,'http//dropbox.net/vk/Ornmp3',574651341,'{\"owner\": \"Jaydon Orn\"}',2,'1993-06-27 00:26:19','2020-10-21 07:34:06'),(134,58,'http//dropbox.net/vk/Harbermp3',2525,'{\"owner\": \"Maxime Medhurst\"}',3,'1974-11-20 08:25:16','2020-10-21 07:34:06'),(135,88,'http//dropbox.net/vk/Hegmannmpeg4',27150696,'{\"owner\": \"Dallin Douglas\"}',2,'1979-11-28 18:15:21','2020-10-21 07:34:06'),(136,71,'http//dropbox.net/vk/Heaneympeg4',77329770,'{\"owner\": \"Darien Harris\"}',1,'1990-04-10 18:45:31','2020-10-21 07:34:06'),(137,100,'http//dropbox.net/vk/Ornmp3',488811573,'{\"owner\": \"Terrill McKenzie\"}',2,'1980-02-24 22:56:54','2020-10-21 07:34:06'),(138,80,'http//dropbox.net/vk/Heaneympeg4',98639549,'{\"owner\": \"Salvatore White\"}',1,'1974-02-19 04:49:44','2020-10-21 07:34:06'),(139,60,'http//dropbox.net/vk/Colliermpeg4',30284,'{\"owner\": \"Vida Mertz\"}',3,'1999-08-13 18:15:05','2020-10-21 07:34:06'),(140,12,'http//dropbox.net/vk/Veumjpeg',216511,'{\"owner\": \"Leon Anderson\"}',2,'2011-06-13 17:39:49','2020-10-21 07:34:06'),(141,39,'http//dropbox.net/vk/Faypng',61198437,'{\"owner\": \"Lyda Grant\"}',2,'2020-01-28 04:03:11','2020-10-21 07:34:06'),(142,59,'http//dropbox.net/vk/Bradtkepng',41722,'{\"owner\": \"Emery Durgan\"}',3,'2005-07-10 07:03:44','2020-10-21 07:34:06'),(143,89,'http//dropbox.net/vk/Tillmanjpeg',10063543,'{\"owner\": \"Charlene Murazik\"}',1,'1972-01-29 23:02:22','2020-10-21 07:34:06'),(144,13,'http//dropbox.net/vk/Murazikmpeg4',175164700,'{\"owner\": \"Korbin Harber\"}',1,'1983-02-12 05:46:04','2020-10-21 07:34:06'),(145,48,'http//dropbox.net/vk/Mullermpeg4',383471,'{\"owner\": \"Nico Veum\"}',3,'1999-03-28 04:26:32','2020-10-21 07:34:06'),(146,88,'http//dropbox.net/vk/Wymanmp3',66712408,'{\"owner\": \"Dallin Douglas\"}',1,'1981-07-14 10:06:57','2020-10-21 07:34:06'),(147,65,'http//dropbox.net/vk/Rippinjpeg',3361413,'{\"owner\": \"Blanca Bradtke\"}',3,'2009-04-02 14:24:25','2020-10-21 07:34:06'),(148,22,'http//dropbox.net/vk/Pricemp3',16659844,'{\"owner\": \"Berta Collier\"}',1,'1997-12-20 01:34:26','2020-10-21 07:34:06'),(149,95,'http//dropbox.net/vk/Douglasmpeg4',454386031,'{\"owner\": \"Andrew Heaney\"}',1,'2018-11-25 22:21:43','2020-10-21 07:34:06'),(150,13,'http//dropbox.net/vk/Pagacmp3',73204987,'{\"owner\": \"Korbin Harber\"}',1,'2002-11-08 14:07:36','2020-10-21 07:34:06'),(151,93,'http//dropbox.net/vk/Douglaspng',71430,'{\"owner\": \"Dahlia Altenwerth\"}',2,'1978-02-20 22:13:58','2020-10-21 07:34:06'),(152,18,'http//dropbox.net/vk/Considinemp3',215032,'{\"owner\": \"Rosalia Mitchell\"}',2,'1986-08-06 20:18:16','2020-10-21 07:34:06'),(153,92,'http//dropbox.net/vk/Doylemp3',657201,'{\"owner\": \"Zoila Price\"}',3,'1985-12-01 01:26:20','2020-10-21 07:34:06'),(154,90,'http//dropbox.net/vk/Bernhardmp3',2809,'{\"owner\": \"Keven Runte\"}',1,'2007-02-25 04:08:39','2020-10-21 07:34:06'),(155,73,'http//dropbox.net/vk/Mitchelljpeg',16035407,'{\"owner\": \"Davin Veum\"}',2,'1980-04-19 22:31:02','2020-10-21 07:34:06'),(156,55,'http//dropbox.net/vk/Kihnpng',60552076,'{\"owner\": \"Hallie Witting\"}',1,'1994-04-15 07:57:43','2020-10-21 07:34:06'),(157,20,'http//dropbox.net/vk/Parisianmpeg4',178226,'{\"owner\": \"Laurine Rau\"}',1,'1999-05-21 05:43:40','2020-10-21 07:34:06'),(158,37,'http//dropbox.net/vk/Rippinpng',1782618,'{\"owner\": \"Saul Treutel\"}',2,'2016-08-02 01:52:26','2020-10-21 07:34:06'),(159,48,'http//dropbox.net/vk/Harrismpeg4',54644164,'{\"owner\": \"Nico Veum\"}',1,'1976-08-04 04:42:18','2020-10-21 07:34:06'),(160,5,'http//dropbox.net/vk/Mitchellmp3',593245948,'{\"owner\": \"Ross Gorczany\"}',2,'2019-09-03 13:57:44','2020-10-21 07:34:06'),(161,79,'http//dropbox.net/vk/Creminjpeg',91554594,'{\"owner\": \"Alivia Tillman\"}',3,'2004-07-04 21:17:35','2020-10-21 07:34:06'),(162,55,'http//dropbox.net/vk/Harberpng',8674,'{\"owner\": \"Hallie Witting\"}',1,'2011-02-14 08:28:09','2020-10-21 07:34:06'),(163,10,'http//dropbox.net/vk/Andersonjpeg',93830481,'{\"owner\": \"Abraham Kihn\"}',1,'2005-04-10 21:50:17','2020-10-21 07:34:06'),(164,20,'http//dropbox.net/vk/Roobpng',3790166,'{\"owner\": \"Laurine Rau\"}',2,'1998-07-28 02:16:04','2020-10-21 07:34:06'),(165,6,'http//dropbox.net/vk/Mohrmpeg4',7012,'{\"owner\": \"Georgiana Mohr\"}',2,'1972-05-15 07:03:26','2020-10-21 07:34:06'),(166,94,'http//dropbox.net/vk/Wymanmpeg4',9186533,'{\"owner\": \"Delphia Russel\"}',1,'1983-03-08 03:37:48','2020-10-21 07:34:06'),(167,32,'http//dropbox.net/vk/Rippinjpeg',15935412,'{\"owner\": \"Loyce Keebler\"}',1,'2008-12-30 01:54:50','2020-10-21 07:34:06'),(168,14,'http//dropbox.net/vk/Kuhnmp3',94478626,'{\"owner\": \"Unique Casper\"}',1,'2014-09-18 19:58:51','2020-10-21 07:34:06'),(169,4,'http//dropbox.net/vk/Colepng',4366087,'{\"owner\": \"Viva Pagac\"}',3,'1995-05-18 13:37:55','2020-10-21 07:34:06'),(170,61,'http//dropbox.net/vk/Kihnmpeg4',32709,'{\"owner\": \"Haylie Witting\"}',1,'1995-01-09 05:42:51','2020-10-21 07:34:06'),(171,55,'http//dropbox.net/vk/Mertzmpeg4',90891690,'{\"owner\": \"Hallie Witting\"}',1,'1982-12-11 04:10:36','2020-10-21 07:34:06'),(172,90,'http//dropbox.net/vk/Raump3',9635,'{\"owner\": \"Keven Runte\"}',2,'1992-11-27 13:43:47','2020-10-21 07:34:06'),(173,67,'http//dropbox.net/vk/Leannonjpeg',323900061,'{\"owner\": \"Ali Wyman\"}',2,'1991-05-05 08:23:45','2020-10-21 07:34:06'),(174,29,'http//dropbox.net/vk/Wittingmpeg4',2733,'{\"owner\": \"Faustino Altenwerth\"}',2,'2001-02-10 08:13:37','2020-10-21 07:34:06'),(175,100,'http//dropbox.net/vk/Carrolljpeg',60162137,'{\"owner\": \"Terrill McKenzie\"}',2,'1975-05-18 12:25:27','2020-10-21 07:34:06'),(176,85,'http//dropbox.net/vk/Hamillmp3',71012576,'{\"owner\": \"Ayla Bergnaum\"}',3,'2006-08-31 18:26:33','2020-10-21 07:34:06'),(177,5,'http//dropbox.net/vk/Leannonmp3',385276,'{\"owner\": \"Ross Gorczany\"}',3,'1993-06-01 09:29:46','2020-10-21 07:34:06'),(178,12,'http//dropbox.net/vk/Runtejpeg',75470,'{\"owner\": \"Leon Anderson\"}',2,'1972-08-08 03:10:27','2020-10-21 07:34:06'),(179,29,'http//dropbox.net/vk/Considinepng',1003,'{\"owner\": \"Faustino Altenwerth\"}',1,'2020-06-12 05:00:13','2020-10-21 07:34:06'),(180,89,'http//dropbox.net/vk/McKenziepng',82377813,'{\"owner\": \"Charlene Murazik\"}',2,'1993-02-04 02:14:45','2020-10-21 07:34:06'),(181,27,'http//dropbox.net/vk/Steubermp3',5520660,'{\"owner\": \"Krystina Steuber\"}',1,'1990-02-07 20:45:31','2020-10-21 07:34:06'),(182,19,'http//dropbox.net/vk/Borermpeg4',28585052,'{\"owner\": \"Jaylen Konopelski\"}',2,'2016-03-15 00:27:35','2020-10-21 07:34:06'),(183,79,'http//dropbox.net/vk/Bernhardpng',98841340,'{\"owner\": \"Alivia Tillman\"}',1,'1987-07-15 19:48:26','2020-10-21 07:34:06'),(184,53,'http//dropbox.net/vk/Doylejpeg',47063265,'{\"owner\": \"Cristopher Rippin\"}',1,'1978-04-21 11:47:19','2020-10-21 07:34:06'),(185,90,'http//dropbox.net/vk/Glovermp3',38782311,'{\"owner\": \"Keven Runte\"}',1,'1999-04-20 18:32:05','2020-10-21 07:34:06'),(186,51,'http//dropbox.net/vk/Goyettejpeg',65744,'{\"owner\": \"Adolfo Will\"}',2,'2014-02-12 16:51:08','2020-10-21 07:34:06'),(187,69,'http//dropbox.net/vk/Mayertpng',689585,'{\"owner\": \"Emilia Bechtelar\"}',3,'2005-02-18 01:01:11','2020-10-21 07:34:06'),(188,30,'http//dropbox.net/vk/Doylemp3',52711760,'{\"owner\": \"Augustus Cremin\"}',2,'2013-12-10 18:52:54','2020-10-21 07:34:06'),(189,44,'http//dropbox.net/vk/Hahnpng',47201874,'{\"owner\": \"Betsy Corwin\"}',1,'1995-08-14 21:21:04','2020-10-21 07:34:06'),(190,50,'http//dropbox.net/vk/Roobmpeg4',77864091,'{\"owner\": \"Terence Thompson\"}',3,'2018-02-18 16:30:38','2020-10-21 07:34:06'),(191,98,'http//dropbox.net/vk/Hegmannpng',783412,'{\"owner\": \"Viviane Bernhard\"}',2,'2007-12-22 00:44:32','2020-10-21 07:34:06'),(192,13,'http//dropbox.net/vk/Wittingmp3',932031,'{\"owner\": \"Korbin Harber\"}',1,'1988-10-07 15:44:42','2020-10-21 07:34:06'),(193,14,'http//dropbox.net/vk/Thompsonjpeg',270176,'{\"owner\": \"Unique Casper\"}',1,'2014-11-22 11:58:02','2020-10-21 07:34:06'),(194,16,'http//dropbox.net/vk/Harberpng',4177,'{\"owner\": \"Elena Roob\"}',3,'2016-03-27 18:14:52','2020-10-21 07:34:06'),(195,18,'http//dropbox.net/vk/Hamillmp3',402745,'{\"owner\": \"Rosalia Mitchell\"}',2,'2015-10-04 07:34:21','2020-10-21 07:34:06'),(196,76,'http//dropbox.net/vk/Altenwerthmpeg4',47704836,'{\"owner\": \"Kamren Hamill\"}',1,'1979-12-12 15:14:10','2020-10-21 07:34:06'),(197,87,'http//dropbox.net/vk/Ortizmpeg4',412364,'{\"owner\": \"Esther O\'Conner\"}',2,'1984-01-24 11:29:04','2020-10-21 07:34:06'),(198,22,'http//dropbox.net/vk/Tillmanpng',86467005,'{\"owner\": \"Berta Collier\"}',2,'2001-11-24 15:41:04','2020-10-21 07:34:06'),(199,66,'http//dropbox.net/vk/Roobmpeg4',4921914,'{\"owner\": \"Dawson Mitchell\"}',3,'1987-12-22 21:53:24','2020-10-21 07:34:06'),(200,69,'http//dropbox.net/vk/Douglasmpeg4',297462,'{\"owner\": \"Emilia Bechtelar\"}',3,'1993-11-24 21:42:21','2020-10-21 07:34:06'),(201,56,'http//dropbox.net/vk/Bergnaumjpeg',17010,'{\"owner\": \"Faye Doyle\"}',3,'1994-01-12 21:28:16','2020-10-21 07:34:06'),(202,5,'http//dropbox.net/vk/Veumpng',81485062,'{\"owner\": \"Ross Gorczany\"}',3,'1983-06-01 07:07:07','2020-10-21 07:34:06'),(203,76,'http//dropbox.net/vk/Steubermpeg4',20956614,'{\"owner\": \"Kamren Hamill\"}',3,'1996-01-04 12:48:32','2020-10-21 07:34:06'),(204,31,'http//dropbox.net/vk/Bradtkemp3',17083,'{\"owner\": \"Erika Abernathy\"}',1,'1988-12-30 03:55:47','2020-10-21 07:34:06'),(205,57,'http//dropbox.net/vk/Barrowspng',992846,'{\"owner\": \"Yasmin Carroll\"}',2,'2006-04-21 08:46:49','2020-10-21 07:34:06'),(206,44,'http//dropbox.net/vk/Creminjpeg',45512766,'{\"owner\": \"Betsy Corwin\"}',2,'1987-12-09 15:10:17','2020-10-21 07:34:06'),(207,66,'http//dropbox.net/vk/Caspermp3',92649574,'{\"owner\": \"Dawson Mitchell\"}',3,'1983-12-01 10:49:31','2020-10-21 07:34:06'),(208,82,'http//dropbox.net/vk/Shanahanmpeg4',2166,'{\"owner\": \"Candida Weissnat\"}',2,'2005-06-21 03:03:41','2020-10-21 07:34:06'),(209,44,'http//dropbox.net/vk/Pagacjpeg',9961,'{\"owner\": \"Betsy Corwin\"}',3,'2007-05-06 10:06:06','2020-10-21 07:34:06'),(210,99,'http//dropbox.net/vk/Willmp3',52436,'{\"owner\": \"Agnes Murray\"}',2,'1989-12-29 17:32:14','2020-10-21 07:34:06'),(211,34,'http//dropbox.net/vk/Bodejpeg',18782685,'{\"owner\": \"Alexa Steuber\"}',3,'1980-02-13 07:18:04','2020-10-21 07:34:06'),(212,91,'http//dropbox.net/vk/Raupng',9300235,'{\"owner\": \"Benton Steuber\"}',3,'2007-06-19 09:27:57','2020-10-21 07:34:06'),(213,10,'http//dropbox.net/vk/Kuhnmp3',71568335,'{\"owner\": \"Abraham Kihn\"}',2,'1981-05-22 09:10:07','2020-10-21 07:34:06'),(214,82,'http//dropbox.net/vk/Gorczanyjpeg',15954707,'{\"owner\": \"Candida Weissnat\"}',2,'1995-04-19 07:04:01','2020-10-21 07:34:06'),(215,11,'http//dropbox.net/vk/DuBuquepng',23415483,'{\"owner\": \"Fernando Will\"}',2,'1989-11-27 09:50:49','2020-10-21 07:34:06'),(216,94,'http//dropbox.net/vk/Murrayjpeg',69203300,'{\"owner\": \"Delphia Russel\"}',2,'2010-08-23 05:37:31','2020-10-21 07:34:06'),(217,88,'http//dropbox.net/vk/Mitchellpng',701443,'{\"owner\": \"Dallin Douglas\"}',1,'1978-09-10 02:43:11','2020-10-21 07:34:06'),(218,39,'http//dropbox.net/vk/Harrispng',75760053,'{\"owner\": \"Lyda Grant\"}',1,'1998-03-26 03:15:56','2020-10-21 07:34:06'),(219,29,'http//dropbox.net/vk/Heaneypng',87653837,'{\"owner\": \"Faustino Altenwerth\"}',1,'2012-09-09 18:00:16','2020-10-21 07:34:06'),(220,42,'http//dropbox.net/vk/Durganjpeg',3050650,'{\"owner\": \"Ellsworth Orn\"}',2,'2005-07-26 05:48:33','2020-10-21 07:34:06'),(221,37,'http//dropbox.net/vk/Medhurstmpeg4',71180369,'{\"owner\": \"Saul Treutel\"}',1,'2008-09-29 15:03:36','2020-10-21 07:34:06'),(222,24,'http//dropbox.net/vk/Heaneympeg4',28611688,'{\"owner\": \"Iliana Harris\"}',3,'1975-07-21 13:21:49','2020-10-21 07:34:06'),(223,17,'http//dropbox.net/vk/Pricempeg4',96829169,'{\"owner\": \"Aditya Sporer\"}',1,'2009-12-01 23:45:18','2020-10-21 07:34:06'),(224,70,'http//dropbox.net/vk/Andersonpng',29507339,'{\"owner\": \"Hyman Walsh\"}',1,'1985-06-13 09:08:49','2020-10-21 07:34:06'),(225,33,'http//dropbox.net/vk/Walshpng',612443242,'{\"owner\": \"Retha Glover\"}',1,'1992-10-10 09:13:22','2020-10-21 07:34:06'),(226,48,'http//dropbox.net/vk/O\'Connerjpeg',6180,'{\"owner\": \"Nico Veum\"}',1,'1974-03-20 09:38:25','2020-10-21 07:34:06'),(227,77,'http//dropbox.net/vk/Baumbachjpeg',7685775,'{\"owner\": \"Conrad Christiansen\"}',2,'2012-03-23 17:11:34','2020-10-21 07:34:06'),(228,22,'http//dropbox.net/vk/Runtempeg4',70812657,'{\"owner\": \"Berta Collier\"}',3,'2001-11-26 16:04:54','2020-10-21 07:34:06'),(229,74,'http//dropbox.net/vk/Harrisjpeg',61691634,'{\"owner\": \"Norene Kiehn\"}',1,'2002-04-22 21:37:39','2020-10-21 07:34:06'),(230,51,'http//dropbox.net/vk/Andersonjpeg',133479,'{\"owner\": \"Adolfo Will\"}',2,'2019-11-28 06:17:30','2020-10-21 07:34:06'),(231,75,'http//dropbox.net/vk/Whitemp3',68813,'{\"owner\": \"Jaydon Orn\"}',1,'1989-08-11 22:50:04','2020-10-21 07:34:06'),(232,10,'http//dropbox.net/vk/Creminpng',7046870,'{\"owner\": \"Abraham Kihn\"}',1,'1978-03-20 12:57:14','2020-10-21 07:34:06'),(233,43,'http//dropbox.net/vk/Carrollmpeg4',13583,'{\"owner\": \"Leslie Heathcote\"}',1,'1989-08-17 12:06:45','2020-10-21 07:34:06'),(234,60,'http//dropbox.net/vk/O\'Connerjpeg',58392330,'{\"owner\": \"Vida Mertz\"}',2,'1988-05-05 01:44:06','2020-10-21 07:34:06'),(235,17,'http//dropbox.net/vk/Shanahanmp3',19926155,'{\"owner\": \"Aditya Sporer\"}',2,'2008-01-05 19:19:50','2020-10-21 07:34:06'),(236,70,'http//dropbox.net/vk/Baumbachjpeg',2610,'{\"owner\": \"Hyman Walsh\"}',3,'2010-03-21 16:22:48','2020-10-21 07:34:06'),(237,39,'http//dropbox.net/vk/Parisianmpeg4',32618782,'{\"owner\": \"Lyda Grant\"}',2,'1975-11-13 07:35:27','2020-10-21 07:34:06'),(238,8,'http//dropbox.net/vk/Roobmp3',14545877,'{\"owner\": \"Clifford Feest\"}',2,'2008-05-11 22:34:19','2020-10-21 07:34:06'),(239,53,'http//dropbox.net/vk/Mohrmp3',2650,'{\"owner\": \"Cristopher Rippin\"}',1,'1988-07-04 23:16:41','2020-10-21 07:34:06'),(240,43,'http//dropbox.net/vk/Mitchellpng',47826,'{\"owner\": \"Leslie Heathcote\"}',3,'1995-10-25 04:43:28','2020-10-21 07:34:06'),(241,31,'http//dropbox.net/vk/Mohrpng',12940922,'{\"owner\": \"Erika Abernathy\"}',3,'1976-06-19 05:25:28','2020-10-21 07:34:06'),(242,100,'http//dropbox.net/vk/Rutherfordmpeg4',21056985,'{\"owner\": \"Terrill McKenzie\"}',1,'2002-10-10 08:03:19','2020-10-21 07:34:06'),(243,32,'http//dropbox.net/vk/Hahnpng',66452162,'{\"owner\": \"Loyce Keebler\"}',3,'1994-02-19 03:59:01','2020-10-21 07:34:06'),(244,30,'http//dropbox.net/vk/Abernathympeg4',69079860,'{\"owner\": \"Augustus Cremin\"}',3,'2015-10-17 13:38:51','2020-10-21 07:34:06'),(245,19,'http//dropbox.net/vk/Raujpeg',98423,'{\"owner\": \"Jaylen Konopelski\"}',1,'2001-06-21 19:53:12','2020-10-21 07:34:06'),(246,14,'http//dropbox.net/vk/Whitempeg4',46032815,'{\"owner\": \"Unique Casper\"}',1,'1991-06-12 10:56:51','2020-10-21 07:34:06'),(247,24,'http//dropbox.net/vk/Ritchiempeg4',22914500,'{\"owner\": \"Iliana Harris\"}',1,'1999-12-25 06:15:37','2020-10-21 07:34:06'),(248,29,'http//dropbox.net/vk/Steuberpng',47608710,'{\"owner\": \"Faustino Altenwerth\"}',2,'1999-05-19 04:01:41','2020-10-21 07:34:06'),(249,78,'http//dropbox.net/vk/Colejpeg',440790412,'{\"owner\": \"Beverly Borer\"}',1,'2015-05-06 03:17:17','2020-10-21 07:34:06'),(250,59,'http//dropbox.net/vk/Murrayjpeg',603877,'{\"owner\": \"Emery Durgan\"}',2,'2004-06-09 16:11:46','2020-10-21 07:34:06'),(251,36,'http//dropbox.net/vk/Murraymp3',28250,'{\"owner\": \"Duncan Considine\"}',3,'1987-05-06 06:58:38','2020-10-21 07:34:06'),(252,22,'http//dropbox.net/vk/Abernathypng',4988,'{\"owner\": \"Berta Collier\"}',1,'1999-10-24 23:53:10','2020-10-21 07:34:06'),(253,32,'http//dropbox.net/vk/Emardmpeg4',67849096,'{\"owner\": \"Loyce Keebler\"}',2,'2017-11-22 18:00:44','2020-10-21 07:34:06'),(254,67,'http//dropbox.net/vk/Ullrichmp3',293482,'{\"owner\": \"Ali Wyman\"}',3,'1971-02-24 10:29:53','2020-10-21 07:34:06'),(255,66,'http//dropbox.net/vk/McKenziemp3',76464060,'{\"owner\": \"Dawson Mitchell\"}',3,'1989-04-10 05:47:28','2020-10-21 07:34:06'),(256,35,'http//dropbox.net/vk/Veumpng',27819,'{\"owner\": \"Dana Hegmann\"}',3,'2004-03-23 05:06:08','2020-10-21 07:34:06'),(257,82,'http//dropbox.net/vk/Douglasmp3',381859,'{\"owner\": \"Candida Weissnat\"}',3,'1983-11-12 15:18:16','2020-10-21 07:34:06'),(258,10,'http//dropbox.net/vk/Murphymp3',93916511,'{\"owner\": \"Abraham Kihn\"}',1,'1975-05-10 12:24:25','2020-10-21 07:34:06'),(259,52,'http//dropbox.net/vk/Hegmannjpeg',13566802,'{\"owner\": \"Ophelia Emard\"}',3,'1984-04-21 15:40:02','2020-10-21 07:34:06'),(260,68,'http//dropbox.net/vk/Konopelskimp3',90996375,'{\"owner\": \"Mossie Hahn\"}',2,'1987-05-17 07:57:30','2020-10-21 07:34:06'),(261,83,'http//dropbox.net/vk/Harbermpeg4',38431832,'{\"owner\": \"Harvey Barrows\"}',1,'1998-08-21 18:10:07','2020-10-21 07:34:06'),(262,91,'http//dropbox.net/vk/Bernhardjpeg',6765,'{\"owner\": \"Benton Steuber\"}',3,'2011-03-22 12:15:19','2020-10-21 07:34:06'),(263,21,'http//dropbox.net/vk/Medhurstjpeg',57491,'{\"owner\": \"Jena Olson\"}',1,'1973-11-09 08:47:51','2020-10-21 07:34:06'),(264,89,'http//dropbox.net/vk/Mayertjpeg',1951394,'{\"owner\": \"Charlene Murazik\"}',3,'1992-11-09 20:31:27','2020-10-21 07:34:06'),(265,30,'http//dropbox.net/vk/Wittingmp3',489320443,'{\"owner\": \"Augustus Cremin\"}',1,'1975-11-21 23:52:38','2020-10-21 07:34:06'),(266,48,'http//dropbox.net/vk/Wittingmpeg4',89977,'{\"owner\": \"Nico Veum\"}',3,'1973-11-01 15:28:41','2020-10-21 07:34:06'),(267,96,'http//dropbox.net/vk/Bernhardpng',51448759,'{\"owner\": \"Isabella Kuhn\"}',1,'2011-12-26 03:09:50','2020-10-21 07:34:06'),(268,44,'http//dropbox.net/vk/Bernhardmp3',41938304,'{\"owner\": \"Betsy Corwin\"}',3,'1998-05-19 06:28:49','2020-10-21 07:34:06'),(269,49,'http//dropbox.net/vk/Mertzpng',7373,'{\"owner\": \"Twila Glover\"}',2,'1974-03-11 19:54:59','2020-10-21 07:34:06'),(270,84,'http//dropbox.net/vk/Bradtkejpeg',35444,'{\"owner\": \"Ila Ullrich\"}',3,'2002-12-13 23:52:55','2020-10-21 07:34:06'),(271,34,'http//dropbox.net/vk/Leannonmp3',55335246,'{\"owner\": \"Alexa Steuber\"}',1,'1985-12-17 14:17:48','2020-10-21 07:34:06'),(272,22,'http//dropbox.net/vk/Durganmp3',8546080,'{\"owner\": \"Berta Collier\"}',1,'2012-08-23 06:20:28','2020-10-21 07:34:06'),(273,35,'http//dropbox.net/vk/Mertzmpeg4',28171961,'{\"owner\": \"Dana Hegmann\"}',1,'1985-03-09 16:02:13','2020-10-21 07:34:06'),(274,60,'http//dropbox.net/vk/Medhurstpng',50851321,'{\"owner\": \"Vida Mertz\"}',1,'1978-01-13 16:26:24','2020-10-21 07:34:06'),(275,69,'http//dropbox.net/vk/Fayjpeg',88240869,'{\"owner\": \"Emilia Bechtelar\"}',1,'1974-04-29 19:55:03','2020-10-21 07:34:06'),(276,82,'http//dropbox.net/vk/Rippinmpeg4',787511,'{\"owner\": \"Candida Weissnat\"}',3,'2012-09-17 15:47:24','2020-10-21 07:34:06'),(277,36,'http//dropbox.net/vk/Walshpng',33621,'{\"owner\": \"Duncan Considine\"}',3,'1994-08-30 17:47:52','2020-10-21 07:34:06'),(278,83,'http//dropbox.net/vk/Pagacpng',88640389,'{\"owner\": \"Harvey Barrows\"}',2,'1984-05-04 05:54:53','2020-10-21 07:34:06'),(279,28,'http//dropbox.net/vk/Murphyjpeg',78469338,'{\"owner\": \"Juston Bernhard\"}',2,'2008-08-12 00:47:30','2020-10-21 07:34:06'),(280,20,'http//dropbox.net/vk/Gorczanypng',938038,'{\"owner\": \"Laurine Rau\"}',3,'1985-10-13 04:03:38','2020-10-21 07:34:06'),(281,87,'http//dropbox.net/vk/Emardpng',140853765,'{\"owner\": \"Esther O\'Conner\"}',3,'1994-03-29 15:17:51','2020-10-21 07:34:06'),(282,69,'http//dropbox.net/vk/Ritchiemp3',40142,'{\"owner\": \"Emilia Bechtelar\"}',3,'1998-07-13 11:48:35','2020-10-21 07:34:06'),(283,96,'http//dropbox.net/vk/Raump3',26415528,'{\"owner\": \"Isabella Kuhn\"}',2,'1997-02-23 04:41:43','2020-10-21 07:34:06'),(284,57,'http//dropbox.net/vk/Grantpng',117428192,'{\"owner\": \"Yasmin Carroll\"}',2,'1983-04-06 07:16:18','2020-10-21 07:34:06'),(285,37,'http//dropbox.net/vk/Grantmp3',5581,'{\"owner\": \"Saul Treutel\"}',1,'1993-02-14 19:54:49','2020-10-21 07:34:06'),(286,70,'http//dropbox.net/vk/Doylempeg4',75075,'{\"owner\": \"Hyman Walsh\"}',1,'2011-11-29 07:34:43','2020-10-21 07:34:06'),(287,78,'http//dropbox.net/vk/Harrisjpeg',30367,'{\"owner\": \"Beverly Borer\"}',1,'1992-04-19 21:12:12','2020-10-21 07:34:06'),(288,67,'http//dropbox.net/vk/Ullrichjpeg',8494605,'{\"owner\": \"Ali Wyman\"}',2,'2004-09-22 19:07:47','2020-10-21 07:34:06'),(289,91,'http//dropbox.net/vk/Olsonmpeg4',676239080,'{\"owner\": \"Benton Steuber\"}',3,'2014-06-25 22:43:31','2020-10-21 07:34:06'),(290,55,'http//dropbox.net/vk/Sporermp3',7391402,'{\"owner\": \"Hallie Witting\"}',1,'1979-06-06 15:34:04','2020-10-21 07:34:06'),(291,50,'http//dropbox.net/vk/Ritchiemp3',95733320,'{\"owner\": \"Terence Thompson\"}',1,'1998-02-08 19:03:53','2020-10-21 07:34:06'),(292,84,'http//dropbox.net/vk/Christiansenmpeg4',307354011,'{\"owner\": \"Ila Ullrich\"}',2,'1979-10-18 12:59:42','2020-10-21 07:34:06'),(293,25,'http//dropbox.net/vk/Gorczanypng',327061,'{\"owner\": \"Brice Schimmel\"}',3,'1978-05-17 05:25:00','2020-10-21 07:34:06'),(294,2,'http//dropbox.net/vk/Hamillmpeg4',16504,'{\"owner\": \"Adan Bode\"}',1,'2011-04-12 02:26:52','2020-10-21 07:34:06'),(295,89,'http//dropbox.net/vk/Barrowsjpeg',96659630,'{\"owner\": \"Charlene Murazik\"}',1,'2009-12-30 12:39:23','2020-10-21 07:34:06'),(296,56,'http//dropbox.net/vk/Heaneyjpeg',757653,'{\"owner\": \"Faye Doyle\"}',2,'2008-11-07 21:13:39','2020-10-21 07:34:06'),(297,56,'http//dropbox.net/vk/Durganmp3',5761,'{\"owner\": \"Faye Doyle\"}',1,'1995-06-24 23:15:57','2020-10-21 07:34:06'),(298,89,'http//dropbox.net/vk/Feestmpeg4',9840,'{\"owner\": \"Charlene Murazik\"}',3,'1975-09-11 17:19:11','2020-10-21 07:34:06'),(299,97,'http//dropbox.net/vk/Veummp3',4041571,'{\"owner\": \"Simeon Parisian\"}',3,'2004-06-10 15:28:33','2020-10-21 07:34:06'),(300,78,'http//dropbox.net/vk/Murraypng',7918,'{\"owner\": \"Beverly Borer\"}',1,'2010-06-05 01:34:08','2020-10-21 07:34:06');
/*!40000 ALTER TABLE `media` ENABLE KEYS */;
UNLOCK TABLES;

--
-- Table structure for table `media_types`
--

DROP TABLE IF EXISTS `media_types`;
/*!40101 SET @saved_cs_client     = @@character_set_client */;
/*!50503 SET character_set_client = utf8mb4 */;
CREATE TABLE `media_types` (
  `id` int unsigned NOT NULL AUTO_INCREMENT COMMENT 'ðÿð┤ðÁð¢Ðéð©Ðäð©ð║ð░Ðéð¥ÐÇ ÐüÐéÐÇð¥ð║ð©',
  `name` varchar(255) CHARACTER SET utf8 COLLATE utf8_unicode_ci NOT NULL COMMENT 'ðØð░ðÀð▓ð░ð¢ð©ðÁ Ðéð©ð┐ð░',
  `created_at` datetime DEFAULT CURRENT_TIMESTAMP COMMENT 'ðÆÐÇðÁð╝ÐÅ Ðüð¥ðÀð┤ð░ð¢ð©ÐÅ ÐüÐéÐÇð¥ð║ð©',
  `updated_at` datetime DEFAULT CURRENT_TIMESTAMP ON UPDATE CURRENT_TIMESTAMP COMMENT 'ðÆÐÇðÁð╝ÐÅ ð¥ð▒ð¢ð¥ð▓ð╗ðÁð¢ð©ÐÅ ÐüÐéÐÇð¥ð║ð©',
  PRIMARY KEY (`id`),
  UNIQUE KEY `name` (`name`)
) ENGINE=InnoDB AUTO_INCREMENT=4 DEFAULT CHARSET=utf8 COLLATE=utf8_unicode_ci COMMENT='ðóð©ð┐Ðï ð╝ðÁð┤ð©ð░Ðäð░ð╣ð╗ð¥ð▓';
/*!40101 SET character_set_client = @saved_cs_client */;

--
-- Dumping data for table `media_types`
--

LOCK TABLES `media_types` WRITE;
/*!40000 ALTER TABLE `media_types` DISABLE KEYS */;
INSERT INTO `media_types` VALUES (1,' photo','1983-06-06 21:44:18','1999-07-07 15:31:21'),(2,' video','1988-10-07 15:08:29','1999-11-09 10:20:56'),(3,'music','2009-03-24 08:02:55','1980-05-02 22:25:40');
/*!40000 ALTER TABLE `media_types` ENABLE KEYS */;
UNLOCK TABLES;

--
-- Table structure for table `messages`
--

DROP TABLE IF EXISTS `messages`;
/*!40101 SET @saved_cs_client     = @@character_set_client */;
/*!50503 SET character_set_client = utf8mb4 */;
CREATE TABLE `messages` (
  `id` int unsigned NOT NULL AUTO_INCREMENT COMMENT 'ðÿð┤ðÁð¢Ðéð©Ðäð©ð║ð░Ðéð¥ÐÇ ÐüÐéÐÇð¥ð║ð©',
  `from_user_id` int unsigned NOT NULL COMMENT 'ðíÐüÐïð╗ð║ð░ ð¢ð░ ð¥Ðéð┐ÐÇð░ð▓ð©ÐéðÁð╗ÐÅ Ðüð¥ð¥ð▒ÐëðÁð¢ð©ÐÅ',
  `to_user_id` int unsigned NOT NULL COMMENT 'ðíÐüÐïð╗ð║ð░ ð¢ð░ ð┐ð¥ð╗ÐâÐçð░ÐéðÁð╗ÐÅ Ðüð¥ð¥ð▒ÐëðÁð¢ð©ÐÅ',
  `body` text CHARACTER SET utf8 COLLATE utf8_unicode_ci NOT NULL COMMENT 'ðóðÁð║ÐüÐé Ðüð¥ð¥ð▒ÐëðÁð¢ð©ÐÅ',
  `is_important` tinyint(1) DEFAULT NULL COMMENT 'ðƒÐÇð©ðÀð¢ð░ð║ ð▓ð░ðÂð¢ð¥ÐüÐéð©',
  `is_delivered` tinyint(1) DEFAULT NULL COMMENT 'ðƒÐÇð©ðÀð¢ð░ð║ ð┤ð¥ÐüÐéð░ð▓ð║ð©',
  `created_at` datetime DEFAULT CURRENT_TIMESTAMP COMMENT 'ðÆÐÇðÁð╝ÐÅ Ðüð¥ðÀð┤ð░ð¢ð©ÐÅ ÐüÐéÐÇð¥ð║ð©',
  `updated_at` datetime DEFAULT CURRENT_TIMESTAMP ON UPDATE CURRENT_TIMESTAMP COMMENT 'ðÆÐÇðÁð╝ÐÅ ð¥ð▒ð¢ð¥ð▓ð╗ðÁð¢ð©ÐÅ ÐüÐéÐÇð¥ð║ð©',
  PRIMARY KEY (`id`),
  KEY `messages_from_user_id_fk` (`from_user_id`),
  KEY `messages_to_user_id_fk` (`to_user_id`),
  CONSTRAINT `messages_from_user_id_fk` FOREIGN KEY (`from_user_id`) REFERENCES `users` (`id`) ON DELETE CASCADE,
  CONSTRAINT `messages_to_user_id_fk` FOREIGN KEY (`to_user_id`) REFERENCES `users` (`id`) ON DELETE CASCADE
) ENGINE=InnoDB AUTO_INCREMENT=301 DEFAULT CHARSET=utf8 COLLATE=utf8_unicode_ci COMMENT='ðíð¥ð¥ð▒ÐëðÁð¢ð©ÐÅ';
/*!40101 SET character_set_client = @saved_cs_client */;

--
-- Dumping data for table `messages`
--

LOCK TABLES `messages` WRITE;
/*!40000 ALTER TABLE `messages` DISABLE KEYS */;
INSERT INTO `messages` VALUES (1,57,63,'Facilis quo adipisci quae sit. Eaque consequatur nemo nam necessitatibus facere pariatur. Modi sit laborum libero quidem.',0,0,'1972-05-16 02:46:59','1986-01-12 15:22:15'),(2,60,3,'Dolor temporibus aut qui non cum ipsam est. Illum ipsum laboriosam tempore dolorem ratione. Omnis est quo autem et alias. Aliquam omnis et ipsa voluptatum eum perferendis blanditiis.',0,0,'2008-02-14 08:11:28','2020-10-21 07:05:49'),(3,77,90,'Sit non commodi maiores et laborum accusamus. Possimus enim nihil laboriosam soluta assumenda nostrum maxime.',1,1,'1981-11-21 21:41:28','2010-07-29 22:48:30'),(4,93,3,'Pariatur temporibus sit libero nisi. At voluptatibus quam explicabo aut maxime placeat. Quo velit ipsum qui aut vero qui.',1,1,'2001-07-01 01:04:32','2020-10-21 07:05:49'),(5,64,55,'Quis facilis eius a accusantium rem culpa. Hic dolorem iure architecto voluptas unde modi autem. Qui vero ipsam ut incidunt aperiam aut iure.',0,1,'1980-09-10 15:54:31','2020-10-21 07:05:49'),(6,28,62,'Vero quis placeat harum reprehenderit. Omnis saepe vel similique autem earum. Enim deleniti cum omnis voluptatibus quae est magnam.',0,1,'1987-01-16 01:34:53','1993-03-10 03:26:27'),(7,10,100,'Vero pariatur voluptates saepe ut. Autem commodi aperiam possimus optio. Aut ea exercitationem rerum vel illo incidunt. Consequuntur ipsum dolor quo aspernatur expedita.',1,0,'1973-11-26 17:29:22','2020-07-30 00:12:34'),(8,52,51,'Ut exercitationem ab ea eum ut. Veritatis non tempora architecto. Possimus et cupiditate quia illum excepturi et culpa. Accusamus magnam sapiente veritatis consectetur est ut.',1,0,'1978-02-25 16:00:23','1996-12-13 17:06:01'),(9,80,64,'Voluptas vel minus quae incidunt. Laudantium iusto mollitia accusamus voluptatem. Alias magni dolorem omnis et. Ea molestiae et provident quibusdam quae vel hic totam.',0,1,'1991-11-08 09:23:42','2020-10-21 07:05:49'),(10,38,89,'Illum quia voluptate quia qui totam. Ut temporibus omnis et consequatur sapiente et mollitia. Reiciendis placeat dolor nam illo.',0,0,'1973-05-25 06:55:32','1981-08-18 09:10:50'),(11,58,83,'Nesciunt consequuntur ullam tempora molestias quia mollitia impedit. Rerum perspiciatis voluptas omnis non blanditiis adipisci doloribus. Consequuntur nesciunt sint velit officia impedit. Sed modi dolores voluptas voluptas ex veniam vel.',1,0,'2014-03-02 03:13:41','2015-03-17 02:26:23'),(12,74,54,'Itaque voluptatem libero inventore. Aut natus assumenda consectetur. Et enim ex ad reiciendis. Sit quasi eaque tempora.',1,1,'2014-10-12 02:47:01','2020-10-21 07:05:49'),(13,6,81,'Nihil id unde et sit. Et facilis ut et qui temporibus distinctio odit. Eum vel totam consequatur. Dolorem rerum est est aut soluta vero.',1,1,'2009-03-07 10:26:36','2020-10-21 07:05:49'),(14,24,100,'Et sint quam nisi voluptate error accusantium qui. Non soluta a dolorem. Dolorum molestias accusamus voluptatibus dolorem et aperiam aspernatur. Velit ut incidunt adipisci odio nesciunt neque.',1,0,'1990-06-27 18:44:19','1994-05-29 15:44:30'),(15,56,66,'Sed et recusandae excepturi ea. Quia consectetur expedita enim quod dolorem accusantium. Animi facere totam veritatis sit et voluptatum. Sed velit quas culpa aut quod labore asperiores.',1,0,'2018-01-21 00:43:58','2020-10-21 07:05:49'),(16,74,87,'Harum natus eaque nesciunt sed consequatur et. Magni dolor eos quia exercitationem id aliquid. Doloremque consequatur et aut harum in ut et.',0,0,'1972-07-03 01:27:03','2018-12-30 07:15:01'),(17,62,75,'Et aut soluta vel laboriosam animi doloremque. Totam quas nesciunt quibusdam et harum nobis ut quod.',0,1,'2008-06-03 17:06:52','2020-10-21 07:05:49'),(18,40,79,'Qui ut cupiditate sint quae aut inventore aliquam. Quis est eos eveniet rerum inventore consequatur velit. Qui perferendis magni molestiae est id qui velit.',0,0,'2002-02-10 17:39:59','2013-11-06 00:35:56'),(19,29,56,'Ex voluptatem aliquid ex ad qui. Labore quis voluptatem atque sit itaque pariatur sed reiciendis. Vel tenetur ex et odit ratione. Ipsum tempore pariatur quasi nam labore enim.',1,1,'1972-05-08 05:20:04','2020-10-21 07:05:49'),(20,86,87,'Aliquam harum voluptates ut harum dolor qui. Officiis facilis est et.',0,1,'1989-03-28 02:15:33','2020-10-21 07:05:49'),(21,21,37,'Totam ut reiciendis quos id provident. Quo deserunt consequatur soluta voluptas dolores nisi modi sunt. Quisquam recusandae reprehenderit esse voluptate officiis voluptas omnis. Eligendi est vel corporis id minima ab.',1,0,'1979-11-08 19:43:30','1994-11-04 23:46:56'),(22,62,9,'Hic expedita nihil dolore rerum aperiam. Numquam id voluptatum asperiores est ea assumenda deleniti.',0,1,'2013-03-02 12:27:34','2020-10-21 07:05:49'),(23,44,76,'Fugit fugit odit iure minus. Deleniti natus eum quos aut dolor sequi incidunt. Placeat doloremque earum ut repellendus corporis totam natus. Quod nulla et amet sunt deserunt quis.',1,0,'1976-03-31 05:49:24','2005-09-29 20:56:53'),(24,53,82,'Sed vero doloremque consequatur vel vero temporibus iste aut. Architecto sed et voluptas. Nostrum est adipisci velit iusto in quisquam est et.',0,1,'1993-03-14 17:22:52','2007-11-02 07:27:54'),(25,95,55,'Magni ut quos accusamus. Est id neque quisquam et cupiditate deserunt pariatur. Esse blanditiis et et consequatur assumenda et qui quidem.',1,0,'1971-03-28 00:41:43','2009-03-11 18:28:26'),(26,57,51,'Qui tenetur sint consectetur sunt eum aut. Dolor quod tenetur ad voluptatem explicabo cum. Laboriosam nemo vitae similique eum at. Qui cumque consequatur vitae et quam ut asperiores.',0,1,'2001-05-05 02:43:02','2020-10-21 07:05:49'),(27,6,47,'Non architecto dolorem et. Earum aut veritatis exercitationem rerum officia iste.',0,0,'2015-10-03 06:56:51','2020-10-21 07:05:49'),(28,25,22,'Consequatur deserunt perspiciatis quisquam. Earum architecto enim distinctio id consequuntur iure deserunt. Omnis atque consequatur est rerum molestiae voluptates. Aliquid suscipit voluptatem qui ipsam laborum incidunt qui.',1,0,'1977-05-04 02:44:43','2010-01-28 08:19:18'),(29,40,7,'Ducimus quas eos nihil qui laudantium laboriosam. Non provident expedita ipsa sunt unde rem eum. Maiores rerum quia corporis eos. Excepturi ratione voluptatem tenetur incidunt veniam et.',0,1,'1985-04-25 03:18:02','2020-10-21 07:05:49'),(30,20,45,'Ut necessitatibus maxime quia ea molestiae voluptate libero. Iure illum molestiae sed commodi.',1,0,'1978-09-12 20:05:08','2020-10-21 07:05:49'),(31,21,18,'Sit ab quaerat est fuga aliquam aut omnis. Rerum dolores rerum dolorem fugit qui. Dicta eligendi qui eos corrupti. Non autem ullam debitis ut.',0,0,'1989-08-27 02:11:50','2018-03-12 09:32:47'),(32,68,44,'Rerum nihil aut eum est nemo ut omnis quos. A suscipit quae consequatur quis soluta eos sapiente ipsam. Et at possimus reprehenderit velit omnis animi eveniet. Quae suscipit maiores voluptas asperiores sint.',0,0,'1979-11-20 03:36:32','2020-10-21 07:05:49'),(33,84,94,'Praesentium quidem ut consequatur facilis adipisci temporibus numquam sit. Qui quisquam iure aut explicabo incidunt quia fuga. Non nostrum vero animi sint tempora sapiente. Vel saepe quibusdam voluptas sed.',0,0,'1975-10-05 17:55:01','1998-11-02 09:20:23'),(34,12,59,'Veniam rem rerum facilis sit. Est ipsum repellendus vitae explicabo officia reiciendis cupiditate. Velit maxime libero repellendus quos.',1,1,'2018-01-07 03:08:40','2020-10-21 07:05:49'),(35,44,38,'Quaerat officiis quis vero impedit perspiciatis quibusdam. Magni et quam saepe suscipit. Officia dolor dolorum nesciunt est atque velit. Nihil omnis mollitia perferendis quo qui accusantium velit.',0,0,'2002-09-12 15:45:07','2015-05-10 22:22:26'),(36,75,12,'Voluptas doloribus nesciunt aut ut. Quasi accusamus voluptas suscipit iste aspernatur tempora. Deleniti velit quod soluta consequatur quasi. Cum nesciunt vel voluptate illo quidem laboriosam rerum. Deleniti dicta consequatur deserunt saepe nemo.',1,0,'1995-08-08 13:17:19','2020-10-21 07:05:49'),(37,49,26,'Velit nemo impedit perferendis corporis tenetur perspiciatis adipisci. Amet et quia aliquid est sapiente voluptatem. Consectetur assumenda qui veritatis autem blanditiis.',1,1,'1996-10-20 07:58:38','2004-08-22 15:57:05'),(38,7,17,'Officiis deserunt repudiandae sit aut libero. Debitis laudantium ducimus et accusamus. Voluptatum omnis totam fuga tempore.',1,0,'2019-05-13 20:15:30','2020-10-21 07:05:49'),(39,86,87,'Occaecati qui vitae eius quo. Aut sequi error id tempore. Quisquam qui aut dolorem tempora explicabo praesentium. Id veniam sed sunt eius omnis dolorem.',0,1,'2009-01-31 19:39:32','2015-05-16 21:41:45'),(40,48,36,'Quaerat occaecati ut velit odio quidem. Dicta perferendis nihil odio dolores voluptas. Reiciendis voluptatem autem aspernatur non.',1,0,'2010-09-10 13:55:50','2020-10-21 07:05:49'),(41,80,30,'Quisquam eligendi et sequi ea iste voluptas sequi. Aut autem quasi facilis ut illo aspernatur. Quia vero voluptatem atque vitae.',1,0,'1975-02-23 04:27:09','1980-06-09 13:18:40'),(42,32,5,'Vel architecto officia et autem eveniet suscipit. Et asperiores animi molestias hic quod esse. Sit quo sit illo omnis maxime amet necessitatibus.',1,1,'2012-07-10 09:53:06','2020-10-21 07:05:49'),(43,59,60,'Vel et quae nihil rem rerum qui dolor. Autem fuga et molestiae aperiam. Vero pariatur consequatur natus enim consequatur excepturi molestiae. Quisquam tenetur accusantium et optio omnis sit occaecati quo.',0,1,'1974-03-03 20:27:42','2016-09-29 06:05:11'),(44,16,62,'Autem voluptas expedita assumenda id est quo. Aliquid qui tenetur ea fugiat autem repellat. Aliquid sed sunt sit ducimus ut.',1,0,'1980-07-24 03:29:16','1987-06-14 00:35:46'),(45,2,17,'Dignissimos explicabo fugit sunt dicta. Hic in minus quae praesentium ut. Perspiciatis omnis in voluptas est.',1,0,'1982-12-02 02:57:50','2014-12-02 01:19:00'),(46,99,63,'Consectetur nam ullam id aspernatur eos. Consequatur ut labore dolor aliquam odit qui non fugiat. Labore ullam tempora voluptatum ut amet cumque.',1,1,'1976-05-22 17:51:39','1980-01-30 11:09:15'),(47,99,72,'Sit non minima qui laboriosam aut. Molestiae perferendis veritatis ut assumenda. Aut ut sed quisquam aspernatur accusamus.',1,0,'2006-01-20 05:25:55','2017-02-19 14:33:36'),(48,63,67,'Maxime dicta nulla et. Perferendis et illo quos voluptas et. Quam sapiente beatae dolorem asperiores qui.',0,1,'1974-08-29 11:31:00','2006-05-09 16:42:41'),(49,48,76,'Vitae aut quibusdam voluptatum et omnis atque et. Debitis deserunt quo dolores dolor recusandae. Natus ea soluta omnis corporis quod.',0,0,'2016-11-20 14:50:39','2020-10-21 07:05:49'),(50,90,41,'Omnis aut rerum in facere. Ducimus vero ea in. Est ea quo provident ut.',1,0,'1978-01-10 01:23:13','1978-02-10 02:05:25'),(51,12,26,'Autem voluptatibus ea velit illo qui. In et vero dolorem molestias. Provident fugit nobis aut et temporibus et esse. Dolorem quis nam voluptatum tenetur.',1,1,'2002-08-05 08:31:27','2020-10-21 07:05:49'),(52,52,74,'A qui et iure dolores consectetur incidunt. Earum ea et nisi recusandae adipisci. Veniam et sunt sunt delectus ipsam. Provident culpa et laudantium tempora dolores maiores.',1,1,'2011-11-05 12:41:42','2020-10-21 07:05:49'),(53,51,22,'Quas est ut quo incidunt eveniet mollitia et. Aliquam eaque ipsum inventore et perferendis. Nam est est quidem ab id.',0,0,'1993-07-17 03:08:19','2020-10-21 07:05:49'),(54,25,42,'Nisi magni voluptate ut nesciunt dolorum quo molestiae nisi. Perspiciatis voluptatibus necessitatibus vitae est voluptatem asperiores. Delectus tenetur officia maiores voluptas aut iure at et.',0,0,'1980-09-25 05:57:33','2013-02-12 07:48:21'),(55,75,91,'Amet dolorem consequuntur nesciunt id deserunt. Eos maiores placeat in sint est voluptatem ea numquam. Id accusantium cum aut. Minus sint commodi aut dolorem.',1,1,'1993-05-29 17:18:37','2020-10-21 07:05:49'),(56,60,95,'Sapiente reprehenderit sequi animi dolor aliquid autem est. Blanditiis aut voluptatem quia quia. Consequatur placeat aut ad est. Suscipit recusandae deserunt expedita molestias eligendi. Qui maiores eaque cupiditate eaque voluptas a corrupti.',0,1,'1991-02-26 09:04:36','2014-01-11 05:24:45'),(57,53,82,'Rerum possimus aut et dolore. Dolore dolorum mollitia et explicabo reiciendis est neque. Nihil neque eligendi dolorem rerum eos nihil. Autem quisquam nulla ut ut quas alias.',1,1,'2012-10-31 17:58:14','2020-10-21 07:05:49'),(58,58,79,'Dicta labore fugit quis aspernatur perferendis et. Vel et dolores quo debitis alias commodi. Sunt iste provident quo sit accusamus consequatur consectetur ut.',0,0,'1981-12-23 14:59:01','2010-08-14 15:21:44'),(59,93,39,'Qui id autem impedit enim facere dignissimos magnam. Eum eaque qui fuga. Ipsam dolor aspernatur perferendis consectetur quo soluta.',0,1,'2010-12-17 09:16:53','2020-10-21 07:05:49'),(60,74,31,'Nemo aut alias magnam. Quos autem ullam ut dolores accusamus quia voluptas. Mollitia et autem rem quod autem beatae. Minima ut consequatur hic incidunt id ut qui.',0,1,'2008-07-10 08:53:40','2020-10-21 07:05:49'),(61,74,36,'Quis velit error totam libero temporibus impedit. Consectetur accusantium non eveniet voluptas illo velit. Est fugit eveniet numquam et consequatur dolorem expedita.',0,1,'1971-08-04 08:52:35','2008-09-13 20:24:19'),(62,44,55,'Omnis et quo sed incidunt. Doloribus voluptate voluptas ea ullam in vel nostrum est. Repellendus ut omnis totam nam libero et maiores. Dolores nam quas ad sapiente.',1,1,'2004-06-25 19:07:07','2020-10-21 07:05:49'),(63,30,82,'Suscipit nostrum quibusdam vero unde. Nihil facilis labore quod id vero voluptatem soluta. Quod fugiat deserunt sit sed est beatae voluptatem. Rerum voluptatibus at tempora cum repudiandae voluptatibus.',1,0,'1976-06-22 23:55:47','1985-10-19 00:32:59'),(64,41,39,'Cum voluptas autem praesentium eveniet sed qui. Earum maxime rerum sed officiis.',0,0,'1997-10-30 05:54:34','2020-10-21 07:05:49'),(65,41,53,'Voluptatem ullam eius dolores reprehenderit voluptatum. Ut non ex placeat incidunt sit possimus. Doloremque dignissimos nesciunt qui quaerat sequi.',1,1,'2003-07-15 23:50:42','2015-03-03 04:37:18'),(66,78,5,'Sed omnis magni ipsa omnis. Perspiciatis totam autem dolores vel quam. Rerum sequi fugit ex velit. Distinctio maiores fugiat atque autem.',0,0,'1979-01-16 11:02:41','2006-07-16 01:53:01'),(67,17,16,'Et numquam labore et similique libero quaerat. Eos vel non ut quo laboriosam sint. Consequatur autem non exercitationem recusandae quo pariatur. A nostrum dolor voluptatem voluptatem deserunt sit.',0,1,'2001-08-16 06:09:55','2015-01-21 00:30:28'),(68,86,52,'Fuga occaecati porro non. Officiis aspernatur rerum dolores beatae et officia incidunt. Cupiditate et magni repellat quasi nulla. Quia laudantium voluptas non pariatur.',1,1,'2004-12-11 20:30:56','2007-01-22 08:20:48'),(69,68,50,'Natus aut corrupti delectus doloribus. Aut dolorem incidunt aut quas. Quo voluptatum esse et.',1,0,'1988-03-09 00:24:10','2020-10-21 07:05:49'),(70,84,80,'Non doloremque labore non nulla sequi earum ab possimus. Quia reiciendis et ut numquam. Dolores aliquid deleniti soluta sit nemo quia laudantium. Fugit unde corporis alias enim.',1,1,'1970-09-15 07:02:24','1975-05-13 07:46:21'),(71,66,84,'Reprehenderit aliquid quis at ut ab ut alias molestias. Ut explicabo eos eos maiores deserunt quo consequatur. Fuga vel sint et.',0,1,'1991-07-14 23:58:43','2020-03-05 05:07:17'),(72,97,22,'Maiores ab laudantium corporis est repellat ut. Amet quia sit molestiae. Labore enim et suscipit distinctio.',0,1,'2017-03-06 07:49:10','2020-10-21 07:05:49'),(73,99,82,'Occaecati amet ut natus. Alias quod eos dolores dolorem. Labore sed ut ea est fuga. Eius quisquam ipsam illum. Accusantium est ullam atque reprehenderit et veritatis itaque tempora.',0,0,'1974-11-05 23:11:47','2006-08-28 13:14:29'),(74,74,30,'Voluptatem ad enim harum aperiam commodi aut. Voluptate iure sed sit sequi similique omnis nesciunt. Perferendis est a quasi nostrum. Perferendis ut et vel voluptatem dolores et commodi.',1,0,'2006-05-10 12:10:35','2019-09-17 00:55:35'),(75,72,6,'Numquam sit vel vel est libero dolorem. Aspernatur placeat omnis et minima quam quae molestias dicta. Quia repellendus et nobis sed. Id asperiores nesciunt consequuntur sit eos dolores ut eos.',1,1,'1972-06-11 18:57:32','1994-05-19 07:08:52'),(76,11,90,'Laboriosam magni tempora veniam quasi quo. Cumque sed cum dolores qui deleniti hic sint. Nobis qui quidem itaque sit. Qui tempore neque totam id reprehenderit qui.',0,1,'2007-11-02 16:43:08','2020-10-21 07:05:49'),(77,26,19,'Eos recusandae neque saepe numquam non reiciendis ipsam. Earum nostrum qui aliquam labore. Quidem sed repellat aut quisquam enim eos. Expedita aspernatur inventore praesentium temporibus sunt aut. Adipisci ipsum commodi asperiores maiores iusto ut voluptatem.',0,0,'2007-08-23 07:54:39','2020-10-21 07:05:49'),(78,4,81,'Non ea et molestiae molestiae ducimus. Ut sit est et sunt similique rerum fugiat. Totam quis modi soluta.',1,1,'1980-10-06 03:27:29','2007-03-05 17:26:08'),(79,40,71,'Sint eveniet ipsum officia nemo dolore id optio sequi. A nobis ipsum laudantium. Similique occaecati placeat rerum temporibus. Nesciunt autem ut neque quasi.',0,0,'2010-02-07 19:16:36','2017-09-21 16:44:20'),(80,58,56,'Et voluptatum ipsam id dolorem. Voluptas optio sunt expedita facere eum ab. Et minima consequatur maxime et voluptatem. In est necessitatibus ut pariatur.',1,0,'1982-11-07 20:41:33','1998-06-02 12:29:56'),(81,56,85,'A harum voluptatem eveniet optio autem. Id ut debitis magnam possimus blanditiis unde blanditiis. Voluptatibus in quis animi dolor. Est officiis voluptatibus aperiam at quam temporibus qui.',1,1,'1997-06-27 09:43:10','2000-02-09 18:22:28'),(82,61,60,'Voluptatem necessitatibus culpa incidunt dignissimos. Non illo temporibus expedita quod delectus porro. Et facilis incidunt voluptas autem fugiat eum eius dignissimos. Sed quis et quia aut et quia.',0,1,'2002-05-31 06:31:25','2020-10-21 07:05:49'),(83,14,22,'Autem fugit qui maiores ut odit. Repellendus iure consequatur nobis repudiandae iste. Architecto aut iusto vero quod explicabo quis dolorem.',0,0,'1976-08-28 02:18:32','1983-12-30 14:56:18'),(84,89,100,'Delectus fugiat ut rerum odit. Magnam maxime sint modi qui possimus consequuntur.',1,1,'2001-09-09 17:40:06','2020-10-21 07:05:49'),(85,50,16,'Pariatur cupiditate fuga dolor fuga iusto. Vel quia id aspernatur est perferendis totam ad. Veniam saepe rerum accusamus optio odio. Corrupti dolores expedita maxime.',1,0,'1983-12-01 20:21:08','2019-08-10 07:00:23'),(86,18,99,'Ipsam adipisci necessitatibus est. Et distinctio ea similique quisquam est aut consequuntur. Sit possimus dolor porro velit error quae iusto.',1,0,'2009-11-12 19:33:55','2020-10-21 07:05:49'),(87,74,32,'Enim quasi voluptatem odit qui eum maxime. Numquam distinctio ut quisquam fugit deserunt nihil. Amet accusantium qui ullam minus.',0,1,'1991-03-03 19:47:44','2020-10-21 07:05:49'),(88,57,79,'At quasi enim rerum modi. Laudantium eum doloremque dolor in et dolores. Fuga velit est et. Numquam rerum minus voluptatem quo maiores eius vitae.',0,1,'1997-05-23 09:05:38','2020-10-21 07:05:49'),(89,97,26,'Qui quo eveniet blanditiis aut eos eligendi animi. Dolore sit consequuntur temporibus vero vel placeat. Id ut eos voluptatibus blanditiis.',1,0,'1971-01-31 08:54:13','1974-10-26 02:56:22'),(90,7,93,'Voluptatibus aliquam qui assumenda omnis. Quas ullam iste libero architecto a voluptas.',0,0,'1993-07-03 15:34:01','1998-06-06 01:59:49'),(91,22,47,'Delectus autem veniam distinctio dolore velit dicta ut nobis. Et pariatur dignissimos similique tempora itaque cumque. Est qui eum laboriosam et est omnis necessitatibus.',1,1,'1998-06-27 20:35:21','2020-10-21 07:05:49'),(92,10,33,'Reiciendis nihil qui fugiat quia dolores quidem. Sit facilis reprehenderit sit. Harum ut quam earum dolor tenetur nostrum perferendis.',1,0,'1991-06-27 09:33:59','2020-10-21 07:05:49'),(93,84,77,'Tempora et provident qui vel ab est. Quas iste rem quia corrupti at. Omnis dolorem dolorem et. Consequatur quos eaque vel non.',0,1,'2012-03-25 04:16:36','2020-10-21 07:05:49'),(94,26,55,'Eum ullam voluptates in aut mollitia. Corporis error repudiandae at quo consequuntur. Sit dolorum voluptas aut placeat. Optio et ut quam iste autem eligendi et maiores.',0,0,'1980-10-31 04:33:31','2020-10-21 07:05:49'),(95,25,78,'Recusandae esse sed et officia earum. Explicabo sunt dolorem ratione qui aut. Dolorem provident doloremque perspiciatis optio.',0,0,'2002-06-16 23:14:32','2020-10-21 07:05:49'),(96,13,15,'Omnis totam est earum ut harum dolor. Harum eligendi sit nemo voluptatum rerum alias. Et eum soluta fugit hic. Veritatis et ut est reiciendis.',1,0,'1976-07-22 05:53:44','2006-06-08 13:58:45'),(97,67,68,'Est non voluptas ut numquam laudantium aut nesciunt. Consequatur quia commodi ullam quasi. Reiciendis sed rem mollitia sequi blanditiis voluptas odio.',1,0,'1988-06-02 09:09:09','2020-10-21 07:05:49'),(98,64,80,'Porro ullam minus ut ut ipsum sint repellendus. Sunt vero totam tempora aliquid suscipit est. Corporis dolor aut eius quia porro. Blanditiis voluptatem temporibus doloribus.',0,1,'1993-10-01 04:58:01','2003-03-29 17:19:33'),(99,36,85,'Qui dolores minima asperiores dolorum. Tenetur voluptatem incidunt molestiae nulla sed distinctio perferendis provident.',1,1,'2017-09-08 22:52:26','2020-10-21 07:05:49'),(100,99,4,'Rerum officia ea debitis facilis consequatur. Quae dolores illum vitae qui voluptatem et ad. Est natus consequatur voluptatem.',0,1,'1988-10-16 14:52:03','2009-04-11 01:58:32'),(101,40,9,'Quasi autem et nulla et ipsum. Enim facilis eveniet quos qui autem voluptatem qui. Distinctio aut rerum cum laudantium recusandae consectetur. Dolorem ab placeat nulla quos consequatur sunt sint eius.',1,0,'2000-06-02 02:19:50','2019-01-01 00:34:21'),(102,94,58,'Consectetur voluptatum id fuga aut quae repellat. Dolor enim accusamus perferendis harum. Nemo sed cupiditate et eos repudiandae quasi.',1,1,'1978-10-10 08:16:50','1986-10-29 07:04:34'),(103,83,54,'Et exercitationem ad enim numquam quaerat possimus. Provident perferendis voluptatum quia nisi beatae maiores et. Soluta consequuntur aliquam optio reprehenderit exercitationem.',1,0,'1970-06-13 03:13:14','1975-06-03 19:28:22'),(104,82,67,'Dolorem in sapiente fugit sit. Rem quae velit in ducimus dolores. Sed nihil et et et dicta animi iusto.',1,0,'2002-10-07 14:55:15','2003-04-28 23:39:59'),(105,86,78,'Voluptatem et ea molestias vel amet quia atque. Quisquam incidunt beatae sint incidunt aliquid quas quasi. Excepturi incidunt sunt similique sit voluptatibus et aut. Velit exercitationem ipsa totam et autem.',1,1,'2016-08-20 18:15:34','2020-10-21 07:05:49'),(106,55,66,'Et omnis voluptatibus et sequi. Id culpa aut sapiente corrupti. Alias et excepturi est ut magnam aliquam. Veniam aut repellendus rem alias porro corrupti dolore.',0,1,'2003-07-29 06:56:14','2020-10-21 07:05:49'),(107,100,42,'Enim et rerum a aliquam impedit aspernatur nemo. Et quia eum enim placeat. Iure non praesentium iure ut itaque nemo nisi. Sit est voluptatibus reprehenderit aliquam est doloribus repudiandae voluptas.',1,1,'2012-01-04 10:15:48','2017-06-02 04:18:39'),(108,41,30,'Totam quae commodi doloremque voluptatem et ea facere. Qui consequatur inventore est aut rerum ipsa corporis. Illum similique ea autem.',0,1,'1989-10-15 05:20:37','2020-10-21 07:05:49'),(109,15,90,'Modi amet aut tempore porro ut aut. Velit velit saepe quam dolor. Vitae et nam nihil dolor.',1,1,'2006-05-31 11:03:54','2020-10-21 07:05:49'),(110,35,3,'Iusto dolores minima aut asperiores excepturi rerum. Veniam tenetur et enim. Maxime quibusdam porro dolor asperiores ut. At harum ex aperiam.',0,0,'1989-09-09 12:38:13','2009-11-15 11:25:41'),(111,72,90,'Aut commodi blanditiis perspiciatis magnam. Excepturi expedita autem amet facere et et. Aut iusto maxime qui non assumenda rerum.',0,1,'2001-05-05 09:21:37','2019-11-18 18:32:57'),(112,39,94,'Nesciunt officia dolores est impedit. Non nam illo quam et illum tempore. Aspernatur et facere rerum saepe. Non voluptas tenetur occaecati.',0,1,'2011-09-08 01:36:43','2013-11-27 16:59:57'),(113,37,65,'Eos odit qui rerum fugiat veritatis error. Ex debitis qui natus non consequuntur aut. Ab similique aut est eligendi officiis. Iure omnis sapiente blanditiis. Iure sit quo dolore ut omnis corporis aut.',1,0,'2015-08-27 08:26:13','2017-08-11 10:38:24'),(114,89,88,'Facilis eos voluptate voluptatem officiis. Commodi facere nihil sapiente magni unde asperiores. Odio itaque voluptates sunt ea reiciendis pariatur. Quia voluptas laborum nostrum.',1,1,'2018-12-01 18:33:01','2020-10-21 07:05:49'),(115,46,12,'Ea cumque vel quae in ut eum. Enim ratione quia itaque asperiores eos eos. Voluptas sit nulla qui. Soluta velit omnis dolorum.',1,1,'2004-02-17 12:20:48','2020-10-21 07:05:49'),(116,84,99,'Libero omnis occaecati labore sunt. Dolore mollitia sint ratione ab ea nobis. Eaque aut dolorem dolorem unde occaecati quo.',1,1,'2015-07-04 14:18:22','2020-10-21 07:05:49'),(117,83,70,'Consectetur a itaque quam porro. Sequi consequuntur nihil mollitia dicta hic vitae rem. Provident nihil voluptatem eos qui.',0,1,'1972-10-12 23:11:32','2009-04-17 12:30:20'),(118,69,63,'Non debitis ut tempora dolor. Consectetur rerum neque ut voluptatibus tempore. Itaque esse nihil est.',1,0,'2014-08-18 00:21:52','2016-10-19 10:49:55'),(119,29,94,'Nihil cumque eligendi ullam iste voluptas debitis. Voluptates officiis sed minima fugit illum perferendis. Itaque ipsa nesciunt dolorum. Sed ab voluptas ea ducimus.',1,1,'2016-06-25 07:19:58','2017-03-21 17:14:27'),(120,91,37,'Assumenda odio labore velit libero rerum numquam. Veniam cum error enim nam velit officiis tempora. Eum et aliquid et distinctio et veritatis accusantium.',0,1,'2004-02-23 03:34:05','2020-10-21 07:05:49'),(121,94,4,'Itaque recusandae eos doloremque dolor eveniet voluptatem. Odit consequatur sit ab quo ab molestiae illum. Aperiam doloremque tenetur non eveniet quidem et possimus.',0,0,'2010-02-14 18:54:01','2020-10-21 07:05:49'),(122,86,61,'Ut esse et sunt dicta. Est omnis voluptatem porro delectus iure optio. Eos doloribus voluptatem eum dolores nam ut doloribus.',0,1,'1994-02-06 00:55:29','2020-10-21 07:05:49'),(123,94,89,'Explicabo itaque aut atque laborum rerum. Expedita repudiandae dolorem maiores nihil et. Illum nihil sed reiciendis officia. Consequatur quia minus quam atque mollitia iusto.',0,1,'2004-05-21 13:13:23','2019-04-24 22:29:10'),(124,23,82,'Necessitatibus est possimus corporis quis voluptatem. Autem facilis deleniti ut. Dolores et id soluta quia velit. Fugit quisquam et quia voluptas fugit porro dicta culpa.',0,0,'1985-12-02 13:31:49','2001-05-11 15:31:50'),(125,77,29,'Qui nisi ut consequuntur consequatur aspernatur quibusdam. Laboriosam repudiandae qui dolorem. Qui cum vero est sunt velit. Ut earum quia vitae harum.',1,1,'2015-02-26 18:07:20','2020-10-21 07:05:49'),(126,63,49,'Dolor maxime necessitatibus fugiat provident ipsa. Ea a ab omnis eos et corporis dolores. Quia ex repellat error vitae iste accusamus vel. Necessitatibus officiis rerum qui pariatur quo. In omnis necessitatibus sed veritatis autem dolores.',0,1,'1991-11-17 14:35:37','2020-10-21 07:05:49'),(127,73,7,'Dolorem porro incidunt fugit ipsam voluptas pariatur. Eum sit a fuga enim ipsum et.',1,0,'1972-02-06 04:33:42','2019-10-30 18:25:30'),(128,99,52,'Placeat nesciunt et beatae deleniti. Ratione ea quia non.',1,1,'1987-10-08 14:13:59','1993-04-12 17:26:59'),(129,36,64,'Fuga dolor non est rerum. Sequi sed pariatur saepe sequi deserunt. Eligendi corrupti dolorem aliquam provident quia. Asperiores facere saepe quis rerum quam atque.',1,0,'1974-01-14 03:16:55','1975-06-29 18:19:33'),(130,89,6,'Facere veniam sed quae porro illo dolorem ipsa. Autem aut totam a et est. Dignissimos esse eligendi ipsum nobis. Eius ducimus illo accusantium.',0,1,'1981-12-05 04:59:51','1991-03-15 22:12:11'),(131,4,83,'Vitae sit numquam tempore natus praesentium possimus impedit. Et nisi minus qui ea molestias fuga est. Quia eligendi accusamus aperiam eius est non cum. Rerum expedita et et quam. Explicabo porro earum sequi et ea dolores veniam.',0,1,'2010-07-16 23:54:07','2017-07-19 09:43:49'),(132,94,27,'Amet est ullam occaecati. Voluptas ipsum dolorem dolor repellendus. Fugiat cumque expedita modi qui iure veritatis. Tempore sunt sint et doloribus ratione dolorum velit.',1,1,'1972-06-21 20:43:34','2017-05-10 15:51:02'),(133,4,6,'Ea est consequuntur ut ad reprehenderit sapiente alias. Repudiandae aut perferendis qui perferendis velit nisi voluptate. Qui officia consequatur aliquid voluptates qui. Voluptate aliquam rerum quam est.',1,0,'2009-03-03 01:35:49','2020-10-21 07:05:49'),(134,74,75,'Facilis sit non occaecati et. Modi dicta error ad harum deserunt. Porro molestias quis nam rem tempore qui non sunt. Ab distinctio facere quod dicta dicta tenetur. Sed et unde corporis ut reprehenderit qui voluptas.',0,1,'1987-07-23 16:15:34','2009-04-16 04:46:22'),(135,78,92,'Eum et qui incidunt modi dignissimos corporis. Rem sit aspernatur dolor aut. Itaque delectus et culpa nam ratione assumenda aperiam.',0,1,'2019-12-26 21:49:34','2020-10-21 07:05:49'),(136,15,13,'Et sed deleniti molestias sed error ut odit. Natus ea dolore accusamus in sit. Maxime tenetur magnam enim qui et. Sed molestiae vitae sint aut qui commodi.',0,0,'2016-04-22 05:51:54','2020-10-21 07:05:49'),(137,95,82,'Voluptatibus illo commodi vitae porro impedit. Sint ipsa omnis ut a quia quod. Repellendus velit aut ipsum.',0,0,'2002-07-05 10:28:00','2004-06-06 21:24:50'),(138,78,92,'Omnis cupiditate repellat voluptas ducimus quia accusantium labore. Sint sed illo enim. Unde qui quis facere et quia.',0,1,'1970-07-04 00:01:01','1979-05-23 06:07:33'),(139,25,37,'Tenetur sed in amet commodi rerum. Quis cumque incidunt aut vel iure eligendi. Ducimus sapiente qui omnis expedita necessitatibus atque.',1,0,'2020-04-25 21:22:55','2020-10-21 07:05:49'),(140,27,51,'Quo vero dolore ea aperiam ut laudantium. Aspernatur nesciunt mollitia nobis amet. Eum et nam harum est quam. Et sit quia et in sit.',0,1,'1983-03-23 08:26:55','2020-10-21 07:05:49'),(141,5,41,'Dolore rerum aut molestiae fugit dolor molestias. Consectetur esse et accusantium. Sit nihil reiciendis voluptas dolorum sapiente ullam. Rerum similique reprehenderit quae minima.',0,0,'1996-09-02 01:45:03','2005-12-01 04:26:14'),(142,2,35,'Accusantium commodi culpa dolorem eum non. Provident rerum debitis iste delectus quis amet. Eius enim distinctio eius recusandae omnis delectus.',0,1,'1982-07-21 22:24:31','2020-08-28 03:38:09'),(143,82,53,'Illo error facilis autem voluptate. Corrupti modi delectus alias voluptatum rerum nesciunt. Atque aut illum molestiae sint sed.',1,1,'2017-07-28 03:20:03','2020-10-21 07:05:49'),(144,66,16,'Quia distinctio eius libero hic aut. Dicta natus sit quos earum corrupti nam accusantium. Dolores quia commodi neque ipsum officia voluptas hic. Voluptates amet tempore aliquam impedit.',0,1,'1978-12-16 16:00:58','1997-04-13 09:13:21'),(145,97,48,'Quod et sed autem totam molestias sint. Laudantium officia odit veritatis culpa quisquam. Quidem labore deleniti nam illum dolores. Necessitatibus qui et exercitationem maxime.',1,0,'1991-08-28 16:45:32','1995-09-06 16:42:04'),(146,80,76,'Reprehenderit aliquam neque assumenda et numquam rerum et voluptatem. Earum corrupti beatae repellat nam qui voluptate cumque. Quas laboriosam consequatur cum soluta eos necessitatibus cum. Ut dolores culpa quae commodi.',0,0,'1976-08-03 15:22:12','1987-10-19 17:52:10'),(147,75,62,'Eaque ipsum omnis totam soluta iste et maiores. Ratione perferendis non cupiditate atque. Quis placeat modi officiis nihil unde.',0,0,'2009-11-04 14:23:14','2020-10-21 07:05:49'),(148,49,6,'Quibusdam et sint nostrum quis velit veritatis ipsum. Architecto laborum dolores est aut provident illo. Sed rerum officia voluptates dolore qui aut.',1,1,'2019-08-07 03:20:19','2020-10-21 07:05:49'),(149,3,62,'Deleniti molestiae architecto iste recusandae. Ipsam et sed iste impedit. Rem et aperiam blanditiis quas quia aperiam hic aut. Eligendi mollitia doloribus voluptatibus incidunt veniam.',0,1,'2016-10-30 23:16:30','2020-10-21 07:05:49'),(150,1,96,'Ea quasi mollitia assumenda consequatur itaque. Dignissimos aliquam voluptatem molestiae voluptatem. Veritatis sapiente iste facilis.',0,1,'1971-04-16 22:35:16','1995-09-09 21:22:23'),(151,35,89,'Nobis ab ad soluta amet. Nemo dolores eos sit neque. Eos rerum reprehenderit culpa voluptas consequatur ut. Molestiae est quaerat placeat sequi repudiandae iure expedita.',0,0,'1974-02-14 16:33:50','2005-04-28 12:09:08'),(152,35,20,'Ut fuga occaecati sequi quia alias mollitia. Neque facere aperiam illo impedit iste. Unde quis ad cumque id mollitia velit necessitatibus.',1,0,'1973-10-31 12:41:53','2017-07-06 02:07:32'),(153,28,32,'Qui doloribus ratione totam qui et deleniti ad. Qui omnis amet ut. Quis dicta harum qui eum enim officiis. Harum est at explicabo at magnam cum mollitia.',0,0,'1987-08-02 14:36:27','2002-05-01 23:44:28'),(154,73,96,'Iure laboriosam officiis doloribus maiores qui tempora consequatur minus. Et cum dolores sed nulla qui. Doloribus velit rem repellendus dignissimos. In reiciendis ullam labore rerum.',0,1,'2012-05-08 12:44:06','2020-10-21 07:05:49'),(155,43,74,'Qui nulla aliquam ipsam qui et aspernatur vel. Repudiandae et a deleniti. Aliquid pariatur ad possimus voluptates blanditiis.',1,0,'2011-05-30 06:32:15','2018-11-28 10:09:40'),(156,45,23,'Et ut magnam debitis quae corporis quia et. Quo repellendus beatae ipsam aut dolorem dolorem qui laboriosam. Consequatur vitae ipsum numquam eum dolorem qui tempora. Sed aut quia nulla qui recusandae velit accusamus.',0,0,'1991-04-23 16:23:45','2020-10-21 07:05:49'),(157,77,82,'Cupiditate enim dignissimos sed accusamus. Temporibus necessitatibus dolorem sed architecto totam saepe ex. Neque facilis fugiat consequatur quis qui impedit suscipit.',1,1,'1995-05-22 01:28:38','2020-10-21 07:05:49'),(158,67,22,'Assumenda voluptate odio vel dolorum ut. Impedit vitae id asperiores et dolore. Quia vel repellendus enim minima sapiente quod. Impedit ab quia quam iste et et quia rerum. Doloremque sequi voluptatem sunt quis facere sed.',1,1,'1986-02-26 15:30:27','1999-07-11 23:00:18'),(159,34,10,'Id aut sed dicta ducimus. Corrupti quia delectus quisquam qui ut deleniti iure debitis. Sunt nihil asperiores similique illo. Voluptatum mollitia incidunt itaque omnis distinctio accusantium.',1,1,'2019-11-17 03:04:32','2020-10-21 07:05:49'),(160,36,58,'Soluta consequatur earum aliquid assumenda sit id. Animi velit nobis officia eligendi aut eaque dignissimos. Earum cumque amet voluptas dolores qui.',1,0,'1998-01-17 17:04:59','2020-10-21 07:05:49'),(161,19,19,'Autem harum quidem rerum sequi dolor neque corrupti. Dolore magni voluptas molestias quaerat. Qui amet molestiae ullam expedita quaerat necessitatibus.',0,0,'1973-04-20 07:34:00','2006-03-03 01:01:43'),(162,29,68,'Ad sunt ut est. Aut eligendi laborum voluptatum praesentium illum quod tempore. Sint distinctio ex optio aspernatur facere. Maxime culpa debitis sint omnis error.',0,0,'2005-10-18 12:33:18','2020-10-21 07:05:49'),(163,3,72,'Rerum alias tempora animi. Nobis earum at fugit. Assumenda autem fugiat quidem adipisci consequatur fugiat in. Sint aut mollitia suscipit consequuntur quia officiis.',0,1,'2018-01-31 17:35:13','2020-10-21 07:05:49'),(164,83,33,'Molestias ea magni impedit repellat exercitationem. Minima nihil quia eum in molestias laborum. Sit reiciendis tenetur ut in voluptatem ullam.',0,0,'1999-07-16 21:17:38','2005-12-17 08:53:58'),(165,65,79,'Est nisi voluptatem eum aut. Ea doloribus qui repudiandae et. Voluptas nostrum voluptatem neque et quidem. Quidem dolor accusantium ipsum.',1,0,'1991-11-04 14:31:43','2020-10-21 07:05:49'),(166,25,34,'Sit voluptas iste dolorem commodi ad. Eveniet deleniti et error. Ut autem in sit et rerum saepe.',1,1,'1979-10-13 10:57:41','2000-10-25 09:59:17'),(167,44,67,'Quo est odio quia reprehenderit molestiae est. Natus tenetur dolorem ea dolorem. Earum esse maiores impedit et modi minus facere. Eos asperiores quae rerum culpa et.',0,0,'1999-01-24 03:34:28','2020-10-21 07:05:49'),(168,2,87,'Repellat consequatur sint sint ea totam. Consequuntur deserunt similique eaque eos et iure non est. Dolorum maxime et suscipit sit et. Earum dolorem et ut commodi cum quia officia.',1,1,'1989-05-27 17:38:12','2006-04-26 07:38:31'),(169,84,90,'Est quia rem officia mollitia laboriosam voluptas. Voluptas architecto nam adipisci vel. Aliquid ratione adipisci nostrum inventore iusto. Qui sequi quaerat et non dignissimos est voluptatum minima. Voluptates qui quam dignissimos explicabo autem.',0,0,'2005-12-28 09:45:58','2020-10-21 07:05:49'),(170,54,33,'Nulla cum sed consequuntur sequi vel voluptatum saepe beatae. Quos aut voluptatem enim iste reiciendis. Voluptas tempora ratione eum velit rem occaecati. Modi debitis sit enim omnis.',0,1,'1970-07-22 22:39:52','1976-03-19 07:37:03'),(171,65,42,'Necessitatibus nostrum recusandae ratione atque mollitia. Et animi nihil autem ut tempore quis. Voluptatem ratione voluptas alias ut deleniti commodi.',0,0,'2004-07-17 01:29:29','2008-05-13 03:40:38'),(172,92,75,'Iusto nobis asperiores ut et necessitatibus et quos quae. Dignissimos voluptate est eos iure quis. Rerum est sed blanditiis et nesciunt nisi recusandae consequatur.',0,1,'2001-10-31 19:26:25','2020-10-21 07:05:49'),(173,56,78,'Quae voluptas nihil qui nisi veritatis occaecati. Tempore iste non pariatur ipsum quia quia. Atque laudantium id dolor ratione illo totam. Sequi nisi dolor debitis mollitia ex similique nihil.',0,0,'1986-09-27 15:15:39','2006-01-11 19:57:50'),(174,97,90,'Nemo qui tempore fuga sit sit. Minima sit qui voluptates. Dolore possimus quam laboriosam ad.',0,1,'1987-01-23 01:02:27','2020-10-21 07:05:49'),(175,54,48,'Sequi commodi quibusdam perferendis pariatur neque possimus iusto. Consequatur quia accusantium reprehenderit aliquid distinctio dolor. Quia nulla dolorem pariatur voluptas.',0,1,'2005-10-26 16:23:48','2020-10-21 07:05:49'),(176,38,61,'Commodi eius consequatur suscipit quaerat laborum ut. Deserunt iure doloremque quam aperiam qui. Expedita unde tempore dolorem corporis libero aut et.',0,1,'1979-06-16 14:01:27','1984-07-06 22:04:22'),(177,80,29,'Sit impedit veniam sed itaque dolores quis. Sint possimus porro nihil sint excepturi. Consequatur commodi accusamus eum aut fugit ipsa. Eum veniam autem explicabo accusantium error dolorum.',1,1,'1986-05-30 11:42:40','1999-12-10 19:36:23'),(178,31,16,'Placeat saepe nobis vitae deserunt. Explicabo quo cum numquam minus. Molestias et explicabo pariatur iste. Autem doloremque qui perferendis est dolore tempora. Corporis consequatur esse ut earum cumque ipsam molestiae.',0,1,'1974-10-12 12:22:25','2008-12-16 08:41:50'),(179,84,92,'Libero quos explicabo nam et quae exercitationem. Et quos dolorum voluptas sit dicta. Explicabo consequuntur quia vel porro voluptatibus labore.',0,1,'2008-12-06 22:31:20','2020-10-21 07:05:49'),(180,62,65,'Facere facilis ut voluptatibus aut asperiores. Aspernatur aut quae voluptates sed.',0,1,'1996-01-03 13:37:43','2016-10-13 21:59:20'),(181,57,56,'Nihil provident dolorum ipsam in ut error. Hic ipsa nihil eius. Praesentium quisquam et eos necessitatibus consequuntur voluptas. Sunt ut saepe accusantium a aut qui.',1,0,'2018-01-10 17:41:37','2020-10-21 07:05:49'),(182,59,31,'Explicabo aut corrupti et assumenda sed. Sit beatae ipsam magni nihil non et facere. Vero dolore necessitatibus eligendi sunt consequuntur consequatur tempore non. Temporibus eveniet laudantium qui ducimus.',1,0,'2004-08-18 16:59:15','2019-02-22 15:33:14'),(183,85,51,'Voluptas illo ut dolor eius et sit sint. Nihil voluptatem expedita quo excepturi ipsum unde. Et in amet sed vel accusantium itaque. Omnis voluptatem possimus non omnis et.',0,0,'1995-03-13 02:41:20','2012-09-13 13:36:32'),(184,69,22,'Omnis nemo error consequatur omnis iste assumenda natus. Quo reprehenderit ea facere ex totam aliquam. Numquam tempora est praesentium sit cumque cupiditate. Itaque quis aliquid aut quis dolor.',1,0,'1987-04-21 04:41:32','1995-04-22 04:24:01'),(185,14,97,'Et voluptatem tempora sunt repellendus a quibusdam eum. Doloremque recusandae autem minima voluptatem aliquam veritatis vero magni. Eos velit ducimus quas eos nemo atque. Repellendus autem ducimus rerum consectetur.',1,1,'1981-01-20 00:53:16','2006-09-06 09:49:09'),(186,47,84,'Et qui tempora dolorem soluta. Nihil blanditiis ullam dolore unde tempore eveniet qui. Officiis aut facilis autem eos necessitatibus.',1,1,'1973-12-21 12:28:36','1975-10-05 06:09:02'),(187,94,89,'Minus voluptatem occaecati architecto. Unde maiores repudiandae et cumque at distinctio. Enim provident eius perferendis nam et.',1,1,'1993-05-16 13:30:34','2020-10-21 07:05:49'),(188,87,2,'Voluptate sed similique omnis hic cum ab aut. Veritatis nisi labore error quis repellendus unde. Eaque quaerat inventore adipisci placeat. Dolorem dignissimos nisi qui. Deserunt iste et dolorem iste voluptate pariatur.',1,0,'2003-08-17 07:08:04','2020-10-21 07:05:49'),(189,13,3,'Aliquam est veritatis ex quo culpa. Ea quia aliquid recusandae quis voluptatem. Aspernatur nobis sed reprehenderit debitis quibusdam.',1,0,'1976-05-15 08:20:00','2020-10-21 07:05:49'),(190,6,84,'Fuga veniam nisi repellendus commodi libero ipsa itaque. Est totam et cum dolorem voluptatem. Ratione reiciendis beatae optio occaecati adipisci et.',0,0,'1973-02-07 04:23:25','1974-06-28 14:22:03'),(191,22,33,'Quidem voluptate accusantium incidunt. Quasi eos ut debitis quo temporibus qui. Exercitationem facere distinctio vero nesciunt.',0,0,'1970-08-09 20:48:19','2014-10-12 01:31:36'),(192,29,5,'Soluta enim totam libero pariatur doloremque laborum voluptates. Cupiditate sed voluptatibus nisi aut optio officiis. Et cumque nulla culpa provident. Aperiam quasi quidem magnam architecto distinctio debitis.',0,0,'1998-03-03 04:38:33','2020-10-21 07:05:49'),(193,88,99,'Nobis repellendus in quisquam cupiditate est qui ut culpa. Enim ipsam et ipsa illo repellendus. Voluptatem iste distinctio commodi quod dolor.',1,0,'1981-05-19 09:08:16','2010-12-31 07:10:40'),(194,43,25,'Sint quaerat optio quia ipsum cumque quia. Possimus tenetur placeat deserunt mollitia quae ut sapiente. Reiciendis ab unde quasi voluptatem ipsa quos suscipit. Quia enim eaque quod tenetur.',0,1,'2018-10-22 06:32:20','2020-10-21 07:05:49'),(195,61,41,'Cum incidunt quisquam molestiae quibusdam. Ut reiciendis corrupti laboriosam. Qui deleniti est fuga id. Enim occaecati est sint temporibus cum modi eum.',0,1,'2020-08-13 23:52:28','2020-10-21 07:05:49'),(196,59,67,'Ipsum rem modi deleniti illo. Saepe sed non eum velit facilis consectetur est. Esse autem repellendus autem vero vel.',0,1,'1974-03-25 11:31:20','2009-08-07 18:23:27'),(197,68,29,'Sit officiis eligendi et. Autem ad et sint nostrum aut. Sunt vitae quidem numquam id. Ab culpa ipsa ex velit consequatur.',1,0,'2013-09-07 04:19:40','2013-09-26 20:44:46'),(198,68,79,'Error aut voluptatem numquam rerum quia similique. Suscipit nihil sit blanditiis ullam. Velit ratione iste cum. Itaque officia dolore culpa voluptates autem autem suscipit.',1,1,'1984-02-16 13:05:56','1984-12-21 23:39:47'),(199,43,100,'Id incidunt quis officiis facilis consequuntur. Velit vero saepe et ut itaque. Velit consectetur aut voluptas et sunt.',1,1,'2008-05-19 17:01:36','2012-06-29 18:23:29'),(200,94,18,'Incidunt laudantium ex doloremque velit repellendus perferendis. Ut velit molestias vero quam quaerat officia provident. Qui suscipit nihil sint sit.',0,0,'2013-05-26 16:01:37','2020-10-21 07:05:49'),(201,20,94,'Quibusdam in accusantium adipisci nostrum rem animi est. Et ut non qui veritatis id itaque. Rem necessitatibus ea quia quam ducimus. Voluptatem molestiae et voluptatem maxime sunt ut.',1,1,'1988-10-08 07:18:55','2020-10-21 07:05:49'),(202,20,90,'Nostrum facere ipsa aut quaerat cum ipsa tenetur. Ducimus magnam aut explicabo voluptas dolorum quasi ipsa maxime. Dolorum aut voluptatem sunt qui. Mollitia incidunt hic beatae.',1,1,'2018-04-20 03:58:24','2020-10-21 07:05:49'),(203,62,22,'Accusamus vitae quaerat necessitatibus perferendis laudantium quos quibusdam. Pariatur ab qui sunt mollitia. Quaerat eligendi sunt ut iste est quam nihil. Molestiae est eum sequi autem amet sint at.',0,0,'1975-07-07 21:06:56','2018-09-04 16:42:58'),(204,1,67,'Eum accusantium consequuntur vel aliquid qui. In vel optio natus dolores sunt et. Aut eaque nihil id ea deleniti unde et. Officiis doloribus qui blanditiis sed qui sunt animi.',0,0,'2010-04-25 12:22:04','2020-10-21 07:05:49'),(205,47,11,'Pariatur sit quisquam hic illo explicabo earum. Labore qui libero aut non. Ullam aut molestias enim eum laborum quo. Vel in quasi incidunt autem eius blanditiis voluptas.',1,1,'1977-06-30 23:39:34','1998-05-14 20:37:44'),(206,53,14,'Non ipsam at rerum atque nemo occaecati aut. Ratione rerum distinctio quo similique optio.',0,1,'2012-08-27 16:21:22','2020-10-21 07:05:49'),(207,1,66,'Doloremque fugiat commodi optio assumenda quis. Ullam quis amet officiis est. Saepe natus est voluptate. Nisi molestiae quia est sit rerum.',1,0,'1977-05-01 16:52:43','1991-01-01 15:39:53'),(208,46,30,'Modi aspernatur quidem nisi. Omnis minima optio nihil et provident aut.',1,1,'1983-01-20 22:13:09','2020-03-10 09:27:34'),(209,68,12,'Eaque tempora quos vel perferendis. Quia sed vel sint vel sed doloremque quia fuga. Saepe iure fuga sit qui vel. Est atque necessitatibus id autem eligendi. Asperiores et ut error est fugit et cumque rerum.',1,0,'1985-03-25 11:42:06','1989-08-29 08:55:04'),(210,26,66,'Ratione eius est praesentium aut quis neque. Suscipit asperiores ad maiores consequatur nulla earum. Culpa repellat ut recusandae molestiae inventore neque.',0,0,'2000-07-30 23:13:17','2006-10-27 08:29:37'),(211,84,73,'Earum deleniti nulla eligendi. Reprehenderit et sed quae veniam. Facilis autem quia enim possimus.',0,0,'1986-06-10 18:14:27','2020-10-21 07:05:49'),(212,72,60,'Odio deleniti quis molestiae necessitatibus ipsam. Neque molestiae et id maxime. Rem maxime pariatur minus. A eos qui veniam eligendi.',0,0,'1995-10-23 07:55:54','2020-10-21 07:05:49'),(213,96,94,'Et quibusdam quibusdam dolorem nisi aperiam fuga. Molestiae dignissimos quibusdam beatae voluptatem maiores dolore aliquam et. Voluptas necessitatibus fuga laudantium totam.',0,0,'2017-09-10 16:32:22','2020-10-21 07:05:49'),(214,81,21,'Voluptas nemo et dolores dolor inventore. Quia dolorum in qui consequatur non qui officia. Ipsum ut aut aspernatur est consequuntur id. Sint labore quis cumque labore aut et.',1,1,'2018-01-24 23:41:46','2020-10-21 07:05:49'),(215,17,29,'Numquam est maxime consequatur aliquam. Alias aperiam voluptatem similique dolorem omnis. Necessitatibus provident dolorem unde voluptatem veniam quam et.',1,1,'1978-01-31 07:17:29','2008-10-10 06:57:19'),(216,38,64,'Qui magnam voluptas est rerum quisquam expedita. Officiis molestiae assumenda atque ipsum dolores commodi quo voluptatum. Laborum laudantium cumque molestiae et officia. Cupiditate omnis minima nulla aut.',1,1,'1989-06-11 17:18:32','2020-10-21 07:05:49'),(217,60,8,'Ut dolor vitae necessitatibus nulla. Atque aut delectus rerum vitae at et.',0,0,'1991-04-11 02:52:11','2006-10-06 15:16:23'),(218,69,42,'Impedit nisi non rem quisquam similique. Tempore ut commodi illo quia et dolorem. Ut quia repellendus sit culpa.',0,1,'1985-04-24 13:17:17','2007-02-13 09:50:58'),(219,39,19,'Non incidunt corrupti voluptas quis. Et officia rerum sint officiis velit corrupti. Quos vero sequi officiis dolores dolores tempore et.',1,0,'2009-05-26 21:30:48','2020-10-21 07:05:49'),(220,43,54,'Similique sequi voluptate ea. Molestias dicta reprehenderit laborum libero est ut. Quae qui sunt rerum sit totam qui. At quo omnis fugit aut ut cupiditate.',1,0,'1984-07-14 04:04:20','1986-04-09 09:14:01'),(221,95,83,'Quis sit cum eius reiciendis soluta doloribus. Quas ut quisquam maxime libero maxime sunt magnam hic. Est enim et error.',1,1,'1999-03-25 11:21:55','2020-10-21 07:05:49'),(222,61,71,'Velit quidem commodi porro rerum aperiam qui tempora. Tempore repudiandae voluptatem explicabo doloribus atque veniam. Nisi nisi qui dolor ex.',1,0,'1981-01-19 10:13:38','2009-07-03 04:00:43'),(223,48,3,'Deserunt perferendis ut officia ea repudiandae delectus suscipit. Qui deserunt est officia repellendus. Nobis rem sit iste.',0,0,'2019-03-28 05:17:42','2020-10-21 07:05:49'),(224,57,24,'Aut nihil nesciunt eveniet id dolorem qui. Fugiat placeat a repudiandae veritatis sunt ut. Atque aspernatur rerum et voluptatem. In libero impedit alias est possimus.',0,0,'1977-04-01 12:23:03','1996-09-16 18:14:30'),(225,49,80,'Nihil distinctio dolore assumenda et. Ut necessitatibus et ipsam possimus est quod. Quis expedita alias illo sit provident.',1,1,'1975-01-15 22:14:27','1992-08-22 08:54:37'),(226,39,78,'Quaerat optio error sunt est autem officiis. Quis mollitia odio illo quis voluptas praesentium nulla. Et quam quia autem quas consectetur quia sequi eligendi. Debitis soluta dolores temporibus vel provident alias.',1,0,'2014-07-13 12:52:29','2020-10-21 07:05:49'),(227,46,14,'Provident sed et nulla praesentium. Fugit temporibus occaecati in voluptas molestias vel. Similique fugit sit doloremque impedit ullam voluptatem qui a.',1,1,'1976-08-25 14:22:56','1988-07-28 13:42:02'),(228,12,27,'Tenetur soluta dolor optio beatae distinctio minima sed assumenda. Ut temporibus reiciendis dolorem sed exercitationem et non. Soluta sit et reprehenderit debitis esse ut rem.',1,0,'1980-10-09 02:23:56','1998-02-03 14:02:20'),(229,81,19,'Ipsam delectus optio consequatur officia. Et rerum ut nulla repellendus inventore. Iste veritatis ut fugiat ut eius in eius. Id quidem omnis quos id.',1,0,'1971-02-20 00:11:17','2007-04-08 05:25:12'),(230,43,36,'Laboriosam voluptatem quam ut nulla dicta totam neque. Ipsa est consequatur corporis dicta et sunt corporis. Nobis tempora et voluptatem dolor asperiores voluptates.',1,1,'2009-02-23 23:05:18','2020-10-21 07:05:49'),(231,2,75,'Deserunt officia occaecati rerum ipsam eius voluptas aut. Ratione minima adipisci amet eaque quasi est nisi. Quis explicabo modi est eligendi dolores dolorum ut. Harum rerum harum quis sapiente.',0,0,'2011-10-20 16:02:57','2020-10-21 07:05:49'),(232,66,85,'Incidunt alias et quia non. Autem qui impedit magni quos rerum facere. Itaque consequatur consequatur ut iure. Consequuntur recusandae est rerum deleniti numquam in voluptas.',0,0,'2019-12-03 13:53:58','2020-10-21 07:05:49'),(233,69,92,'Aut eum cum nesciunt illo qui quam commodi ab. Inventore pariatur reiciendis asperiores tempore veniam alias maiores. Maxime itaque aliquam sint.',0,1,'1982-06-25 18:37:58','2020-10-21 07:05:49'),(234,43,49,'Et et nihil et quo natus eum nesciunt. Consequatur asperiores occaecati amet deleniti nihil. Voluptatum incidunt veniam et consequatur qui ut ut. Autem totam molestias eos rerum sunt consequatur modi vero. Sint eligendi magnam sequi distinctio esse doloribus.',0,1,'2012-02-01 00:37:53','2020-10-21 07:05:49'),(235,88,83,'Tempora voluptas reprehenderit voluptatem commodi excepturi velit. Necessitatibus in temporibus tempora eos rerum magni. Fugiat vero ab pariatur ea quia debitis et. Sint suscipit voluptates dignissimos rem labore voluptates.',1,1,'1988-07-08 20:17:09','2020-10-21 07:05:49'),(236,35,82,'Quidem placeat tempore nam. Qui voluptatem sapiente minima et est quas. Ut laboriosam incidunt vero impedit quia optio. Ab culpa maxime quia sunt modi dignissimos molestias. Et sint alias et deleniti laborum.',0,1,'2012-02-27 04:59:26','2020-10-21 07:05:49'),(237,44,50,'Voluptate incidunt est officia ipsa eaque. Eos expedita corporis quidem quia. Corrupti rerum non unde. Est voluptates modi quidem quo facilis.',0,1,'2014-09-04 10:07:03','2020-10-21 07:05:49'),(238,23,3,'Et architecto voluptas similique maxime. Commodi omnis possimus magni quo. Consequatur eligendi laboriosam ut qui. Reiciendis dolorem corrupti ut aspernatur consequuntur qui rerum.',0,0,'2002-05-30 00:08:07','2020-10-21 07:05:49'),(239,87,55,'Voluptas suscipit quibusdam facilis omnis magni maiores aut. Dignissimos et molestias quos voluptas. Et quia non ducimus.',1,0,'1994-11-20 11:40:41','2000-05-17 23:05:10'),(240,64,92,'Magni et accusamus ratione nostrum ipsam. Quam numquam explicabo aut labore ex. Aspernatur vitae deserunt aut aut.',0,0,'2019-08-04 01:25:05','2020-10-21 07:05:49'),(241,89,28,'Omnis in itaque cumque animi. Autem ipsum sed quas. Vel quidem et animi temporibus qui et. Minus aut repellat delectus quod eum veniam.',1,0,'1975-05-18 14:44:57','1982-08-29 16:01:13'),(242,36,34,'Non totam dolorum excepturi ratione veritatis. Enim eum qui quam dolores quia soluta. Eligendi reiciendis voluptatem mollitia eum quaerat voluptatum quis. Ut ex necessitatibus possimus ex eum.',0,1,'1972-05-15 10:35:21','2007-07-01 03:12:51'),(243,65,25,'Doloremque cupiditate beatae ex aliquam. Deserunt quos reiciendis saepe quo dolores et fugit. Animi iste pariatur assumenda ut iure quidem nostrum.',1,1,'1990-09-03 22:17:32','1992-03-23 05:37:13'),(244,18,89,'Aut dolor voluptas neque. At numquam ut voluptatem minima alias et nemo. Nam et illum nam non dolor non hic.',0,0,'1977-01-31 17:27:50','2007-11-24 20:58:03'),(245,1,5,'Repudiandae quis neque non ipsum vero quod non. Non aut excepturi ducimus quis. Veniam debitis dolores adipisci explicabo consequatur quo ratione.',1,0,'2009-04-16 03:08:52','2020-10-21 07:05:49'),(246,53,90,'Aut consequatur et quaerat sed reprehenderit doloribus. Cumque rerum dolorum perspiciatis excepturi similique et. Consequatur id rerum perspiciatis harum iure cupiditate quo. Aut velit nostrum temporibus quia voluptas repudiandae.',0,1,'1993-08-12 09:47:53','2007-04-01 11:06:38'),(247,38,53,'Dignissimos sit enim iste debitis tempora. In a dignissimos qui temporibus non natus.',1,1,'2001-05-29 17:15:25','2015-06-16 01:22:53'),(248,37,59,'Quae suscipit dolor laboriosam molestiae sequi. Magnam iure est et magni. Et explicabo corporis qui qui sit. A delectus voluptatem consectetur aperiam sed iusto consequatur.',0,0,'2013-11-24 10:41:09','2020-10-21 07:05:49'),(249,50,78,'Consequatur adipisci nam est magni ab. Quisquam eligendi consequatur quis saepe et et et. Omnis tempore excepturi ullam velit doloremque aperiam sit. Quis incidunt dolorem dolorum eos explicabo veritatis reprehenderit sunt.',1,0,'1970-08-18 08:58:26','2016-09-10 01:14:56'),(250,21,90,'Id nihil inventore id quia. Illum quia est maxime possimus dolore ratione nostrum. Est deserunt earum cumque reiciendis. Voluptas quibusdam fugit eum molestias.',0,0,'2020-05-07 09:24:59','2020-10-21 07:05:49'),(251,21,4,'Id esse voluptatibus aut nobis. Nesciunt commodi quam dolores ut natus. Odio et quia rerum molestias aut. Aperiam consequatur neque sit iusto aliquam cumque error.',1,1,'1998-02-09 20:17:13','2020-10-21 07:05:49'),(252,91,31,'Qui soluta dolor corrupti velit neque saepe. Cum nulla consectetur sunt temporibus dolor praesentium dolores enim. Sed quia delectus fuga non.',1,1,'1989-10-24 10:08:42','2007-01-08 14:54:05'),(253,75,60,'Non dignissimos soluta labore exercitationem quia dolore non architecto. Nobis qui dolores aperiam dicta nostrum rem. Dolores et aperiam harum fugiat aut consectetur animi quis. Similique earum deleniti qui consequatur.',0,0,'1992-06-03 10:19:54','1992-06-29 15:10:32'),(254,87,45,'Vel voluptatem recusandae aut. Ex architecto ratione ab ipsam. Sapiente eligendi assumenda et voluptatem ut ipsum est.',1,1,'2005-08-05 07:56:21','2020-10-21 07:05:49'),(255,50,89,'Corrupti voluptates aut non eos cum consequatur sit eaque. Harum ea tempore ipsum. Laboriosam exercitationem facere nulla illo saepe quam illum.',1,1,'2009-02-18 17:16:07','2013-10-03 08:24:33'),(256,91,96,'Possimus quisquam eos sequi voluptatibus cum ex eius. Veritatis harum eius id ducimus rerum. Ut fuga corporis ullam tempora. Dolores soluta voluptas nesciunt accusantium aperiam.',1,0,'1971-03-28 18:03:26','2004-02-20 19:49:56'),(257,10,88,'Aperiam dolores aperiam optio animi tempora quia. Non molestiae repellendus soluta ad ex. Dicta praesentium in laboriosam eligendi qui minima quas. Beatae reiciendis sed inventore earum doloremque nisi.',1,0,'1992-08-05 08:50:19','2020-10-21 07:05:49'),(258,2,94,'Ut aut quas error amet animi minima. Et incidunt itaque et deserunt rerum. Tempore reiciendis assumenda ut dolorem dolores.',0,0,'1980-06-17 20:54:50','2017-11-25 23:05:09'),(259,35,24,'Ducimus quas unde nostrum in impedit illo. Et doloribus nihil aliquid. Repudiandae eum veritatis ut adipisci quidem minima. Rerum recusandae ipsam veritatis nobis et.',0,1,'2019-03-28 18:06:14','2020-10-21 07:05:49'),(260,40,7,'Non necessitatibus omnis totam esse odit vero. Porro dolore veritatis perspiciatis. Consequuntur qui et et suscipit et. Veniam harum accusantium eius occaecati minus iusto.',1,0,'1975-07-05 23:02:35','2001-04-16 08:50:15'),(261,57,44,'Voluptates consequatur minus non voluptas fuga. Accusantium eveniet rerum quis earum. Maxime quis non necessitatibus accusantium iusto quisquam praesentium. Quibusdam blanditiis iusto sint voluptas sunt consequuntur.',0,1,'1992-07-23 00:12:38','2020-10-21 07:05:49'),(262,67,20,'Blanditiis fuga soluta illo eum id et perferendis et. Optio corrupti aut et similique culpa.',0,1,'1987-09-11 10:16:43','1997-05-21 01:55:18'),(263,34,7,'Doloribus rerum ipsa illo animi aliquid. Autem eos sint voluptatibus dolorum. Architecto nobis consequatur doloribus enim aut voluptatibus omnis.',0,0,'2008-12-16 12:33:06','2020-10-21 07:05:49'),(264,82,52,'Qui in voluptates repellat non molestias. Et eum accusantium ducimus nulla suscipit voluptatem qui. Aliquid maxime sint excepturi ut voluptatem est asperiores.',1,1,'2012-05-03 07:08:02','2020-10-21 07:05:49'),(265,73,1,'Asperiores ex odit itaque iusto vitae deleniti sit. Aut nam libero voluptatum veniam quo illo deleniti ut. Similique quia et animi adipisci.',0,1,'2000-07-04 23:43:24','2020-10-21 07:05:49'),(266,28,9,'Ullam veniam est laudantium molestiae. Qui veritatis quos est officia. Sit ea sunt assumenda rerum reprehenderit qui. Illo officiis ratione enim unde praesentium maiores temporibus suscipit.',1,0,'2008-07-16 14:21:36','2020-10-21 07:05:49'),(267,21,69,'Autem ut quisquam optio temporibus ducimus. Veniam ea consequatur quia ut. Ullam enim optio quidem soluta voluptas. Et non harum modi itaque ipsum.',1,0,'1975-05-03 02:56:35','2016-12-11 06:34:10'),(268,49,69,'Nesciunt voluptatem libero non consequatur. Dolor quis error eaque numquam eligendi repellendus voluptas. Quia est facilis quia dolorem deserunt voluptatem veritatis aliquid.',0,0,'2005-04-09 02:21:09','2015-11-18 15:45:12'),(269,88,71,'Officiis consequatur qui et nam id. Laboriosam officia aut explicabo non qui est. Et libero aliquam repellat.',1,0,'2019-02-27 19:48:08','2020-10-21 07:05:49'),(270,18,28,'Numquam velit similique qui iusto quidem. Quidem est ea dolor excepturi omnis et voluptas. Autem libero voluptates nesciunt repellendus incidunt fugit recusandae aspernatur.',1,1,'2011-06-06 21:42:56','2020-10-21 07:05:49'),(271,29,5,'Odio deserunt eligendi excepturi ullam voluptas autem. Alias commodi officiis voluptatem distinctio tempore quod sint. Quis aut temporibus aut qui et recusandae.',0,0,'1995-07-05 08:37:10','1999-11-08 03:25:56'),(272,49,71,'Quidem nostrum distinctio ad dolor quo. Rerum debitis et expedita dolorem harum molestiae aut. Maxime magni veritatis accusantium. Aspernatur sint tempore consequatur magnam.',0,0,'1970-08-04 14:39:40','2003-02-13 14:32:57'),(273,54,39,'At voluptas eaque et est molestiae nisi sint sed. Dolores est quia ut. Cupiditate similique ut ducimus molestiae quae sed eos quia. Ad eos atque itaque. Rerum libero cumque iusto ut sed.',0,1,'2006-09-24 20:43:40','2020-10-21 07:05:49'),(274,91,16,'Repudiandae excepturi magnam illo nesciunt cupiditate nihil sit. Veniam quo neque incidunt sed voluptate occaecati voluptatem. Ipsa quo laudantium et voluptatem sint et velit voluptatem. Magnam sint et necessitatibus nostrum molestiae officia. Et quidem dolorem nemo aut qui non adipisci.',0,1,'2017-06-07 10:57:28','2020-10-21 07:05:49'),(275,46,49,'Eos sed dolores rem quod recusandae aut. Et fugit quia illo consequatur et distinctio dolores iure. Voluptas quae qui mollitia.',0,0,'1971-07-24 23:04:34','1995-03-01 18:22:51'),(276,17,55,'Laudantium ut corporis aut rerum ut et modi. Corrupti quaerat esse esse dolorem omnis et alias. Quia aperiam labore ea fugiat dolores voluptas qui. Maxime accusamus est quisquam eius in et enim.',1,1,'1998-08-27 01:54:24','2008-02-16 18:22:25'),(277,51,90,'Deleniti nisi sed exercitationem dolor et tenetur. Quidem aliquam iure voluptatum repellendus. Tempore fugiat consequatur et voluptatum. Dolore omnis eos provident quo.',0,1,'2020-09-14 12:45:21','2020-10-21 07:05:49'),(278,15,5,'Eos quo architecto aut earum libero itaque expedita. Placeat voluptatum natus quaerat molestiae voluptas. Dolores omnis praesentium alias consequatur rerum eos laborum.',1,1,'2013-11-12 08:59:21','2016-05-23 19:43:43'),(279,59,21,'Quae ipsum asperiores qui minima dolorem qui autem. Voluptatum eius molestias incidunt aut sit. Atque esse fugiat soluta est debitis quam.',1,0,'1971-05-24 02:45:46','2005-06-24 16:07:06'),(280,40,89,'Maxime et rem sunt labore molestiae libero. Totam ut nesciunt dignissimos consequatur non. Labore aut vero minima voluptatum eligendi in.',0,0,'1995-05-04 14:49:49','2020-10-21 07:05:49'),(281,28,88,'Non saepe quia animi iste dignissimos. Provident odio quibusdam dignissimos esse aperiam rerum est. Autem molestiae assumenda provident dolor. Exercitationem esse dolorem doloremque modi sunt placeat.',1,1,'1994-09-02 02:20:41','2003-02-16 21:59:01'),(282,49,75,'Tenetur quam et doloremque sit. Incidunt molestias aspernatur impedit ut. Est laboriosam repudiandae ducimus a nostrum laudantium. Et sed laboriosam ex nesciunt.',1,0,'2013-07-02 16:32:15','2020-10-21 07:05:49'),(283,28,56,'Earum illo distinctio officiis sint dolor. Soluta ipsa voluptatum corrupti voluptas et. Excepturi voluptatem autem et veniam et maiores. Et autem sint ab consequatur.',0,1,'2005-11-16 22:11:37','2020-10-21 07:05:49'),(284,15,23,'Impedit molestiae quis ut mollitia nam dolorem accusantium aut. Dicta expedita ut vel delectus quia. Distinctio consequatur et et deleniti consequatur enim omnis.',0,1,'2015-01-17 01:03:50','2020-10-21 07:05:49'),(285,99,30,'Qui mollitia impedit qui ut perspiciatis nam dolorum. Recusandae sunt nobis quasi repellendus ipsam libero culpa. Consequatur corporis est quia quam ut deserunt.',0,0,'1997-08-19 15:23:36','2020-10-21 07:05:49'),(286,75,74,'Asperiores animi nemo deserunt impedit et dolorem dolorem suscipit. Modi odio consequatur adipisci doloribus eos quia. Omnis odio voluptatem est dolore numquam dolorem autem.',1,0,'2001-04-02 04:58:15','2013-10-18 10:43:24'),(287,40,62,'Sit velit consequuntur nisi debitis. Est consequatur possimus impedit dolorem. Qui deleniti qui nemo molestiae.',1,0,'1976-11-03 18:47:44','1987-05-27 18:17:01'),(288,76,59,'Blanditiis sed consequuntur rem architecto unde modi. Praesentium fugit quam consequatur atque. Adipisci quo odit velit quo facere temporibus sit. Voluptas veniam minima eum sed vel.',1,1,'2018-03-13 01:47:43','2020-10-21 07:05:49'),(289,34,46,'Adipisci sit enim aut at voluptatibus quia natus. Incidunt beatae rem perspiciatis perspiciatis dolorem. Qui omnis accusamus ipsa inventore deleniti est ab. Expedita est quidem minima labore omnis quia aut.',1,0,'2015-08-21 20:24:40','2020-10-21 07:05:49'),(290,35,10,'Quae quo ex repellendus repellendus consequatur tempora. Nisi perspiciatis quidem non incidunt qui dolorum. Repudiandae soluta eligendi quia nihil. Sunt est libero qui aliquam iusto. Maxime explicabo laudantium optio.',0,1,'2003-01-02 18:19:35','2020-10-21 07:05:49'),(291,21,100,'Et odit totam et molestiae. Explicabo eum deleniti rerum eligendi. Aperiam repellat possimus voluptas dolorem aut soluta.',1,1,'2005-01-01 12:03:27','2017-03-19 02:29:10'),(292,95,94,'Asperiores repellendus nemo incidunt cupiditate. Dolorum maxime velit et quasi corporis sunt. Omnis officia fuga incidunt nihil.',0,0,'2000-05-31 05:59:58','2020-10-21 07:05:49'),(293,75,6,'Eos enim eum non. Ab dolorum ut ipsam ipsum est. Inventore commodi architecto sit minima quo ut. Cumque at ullam doloremque in eaque quos. Nemo maxime quis accusamus facere.',0,0,'1970-08-01 10:30:39','1989-10-08 01:08:47'),(294,62,82,'Ducimus deserunt corporis sit dolorem laborum. Ab ipsum dolor laborum rem nam repudiandae dicta. Voluptas totam quos et accusamus est qui.',0,0,'1981-08-19 08:42:43','1992-09-12 05:46:12'),(295,79,21,'Mollitia quos omnis doloribus autem. Iure debitis quis corrupti. Quo soluta ut ea provident ullam ad mollitia amet.',0,1,'2010-06-17 07:36:34','2020-10-21 07:05:49'),(296,23,25,'Et corporis maiores eos et quod vel autem alias. Dolor asperiores ex facilis. Rerum laborum nostrum non aut qui quo est ex. Qui impedit ducimus nam aut ipsa et ducimus. Consequatur nulla ipsa sed aut qui ex.',0,1,'2000-08-15 13:22:32','2020-10-21 07:05:49'),(297,75,15,'Expedita repellat nihil voluptate dolorem voluptatem consectetur. Ut omnis enim nihil corporis facilis voluptas architecto. Laboriosam sint voluptate qui voluptas. Natus reprehenderit enim inventore eveniet.',0,0,'2015-12-05 15:03:59','2020-10-21 07:05:49'),(298,84,32,'Voluptates nobis natus deserunt enim non. Accusantium aut maxime saepe quos aut.',0,0,'1981-10-18 15:06:23','2007-08-10 14:11:37'),(299,37,70,'Nesciunt laboriosam eaque in voluptatem molestiae. A amet explicabo aliquid natus. Occaecati repudiandae debitis saepe explicabo ducimus veritatis.',0,0,'1997-06-28 23:50:14','2020-10-21 07:05:49'),(300,91,57,'Et quasi porro consequatur necessitatibus. Vel ipsam ducimus voluptas velit sed id dolorum.',1,1,'1980-02-14 00:03:12','2020-10-21 07:05:49');
/*!40000 ALTER TABLE `messages` ENABLE KEYS */;
UNLOCK TABLES;

--
-- Table structure for table `posts`
--

DROP TABLE IF EXISTS `posts`;
/*!40101 SET @saved_cs_client     = @@character_set_client */;
/*!50503 SET character_set_client = utf8mb4 */;
CREATE TABLE `posts` (
  `id` int unsigned NOT NULL AUTO_INCREMENT,
  `user_id` int unsigned NOT NULL,
  `community_id` int unsigned DEFAULT NULL,
  `head` varchar(255) CHARACTER SET utf8 COLLATE utf8_unicode_ci DEFAULT NULL,
  `body` text CHARACTER SET utf8 COLLATE utf8_unicode_ci NOT NULL,
  `media_id` int unsigned DEFAULT NULL,
  `is_public` tinyint(1) DEFAULT '1',
  `is_archived` tinyint(1) DEFAULT '0',
  `created_at` datetime DEFAULT CURRENT_TIMESTAMP,
  `updated_at` datetime DEFAULT CURRENT_TIMESTAMP ON UPDATE CURRENT_TIMESTAMP,
  PRIMARY KEY (`id`),
  KEY `posts_user_id_fk` (`user_id`),
  KEY `posts_community_id_fk` (`community_id`),
  KEY `posts_media_id_fk` (`media_id`),
  CONSTRAINT `posts_community_id_fk` FOREIGN KEY (`community_id`) REFERENCES `communities` (`id`) ON DELETE CASCADE,
  CONSTRAINT `posts_media_id_fk` FOREIGN KEY (`media_id`) REFERENCES `media` (`id`) ON DELETE SET NULL,
  CONSTRAINT `posts_user_id_fk` FOREIGN KEY (`user_id`) REFERENCES `users` (`id`) ON DELETE CASCADE
) ENGINE=InnoDB AUTO_INCREMENT=101 DEFAULT CHARSET=utf8 COLLATE=utf8_unicode_ci;
/*!40101 SET character_set_client = @saved_cs_client */;

--
-- Dumping data for table `posts`
--

LOCK TABLES `posts` WRITE;
/*!40000 ALTER TABLE `posts` DISABLE KEYS */;
INSERT INTO `posts` VALUES (1,62,NULL,'quia','Perspiciatis necessitatibus aut et commodi et enim. Ea est est dignissimos voluptatem et. Et dolores ut dignissimos perspiciatis amet non autem.',84,1,1,'1987-12-13 01:12:38','2020-11-01 14:30:37'),(2,34,NULL,'est','Veritatis necessitatibus autem dicta natus. Optio quae nesciunt adipisci labore enim veniam est.',155,1,0,'1983-10-27 13:38:31','2020-11-01 14:30:37'),(3,2,NULL,'quo','Et mollitia ad officia assumenda culpa similique. Voluptatem qui voluptas hic ex dolorem modi et. Dignissimos in labore temporibus pariatur omnis voluptas vero. Enim inventore reprehenderit quaerat sint.',221,0,1,'1990-04-29 04:19:58','2020-11-01 14:30:37'),(4,5,NULL,'delectus','Sit ullam et porro tempore praesentium consequuntur molestiae delectus. Sint perspiciatis molestiae esse voluptatum eos a sequi. Sed id dolorem id ex. Explicabo est laborum blanditiis error et.',31,0,0,'1978-09-02 09:55:30','2020-11-01 14:30:37'),(5,93,NULL,'aut','Et in esse dolores. Occaecati harum non laborum at. Est optio laboriosam quae eos. Consectetur quasi non ex ipsam quia.',171,0,0,'1989-05-29 00:27:09','2020-11-01 14:30:37'),(6,29,NULL,'in','Dolores quo molestiae ratione rerum a aliquid. Esse quae id sit amet quis sit recusandae occaecati. Dicta sunt quia recusandae. Qui natus qui quasi illo qui nisi non occaecati.',73,0,1,'2007-10-08 18:26:13','2020-11-01 14:30:37'),(7,95,NULL,'quia','Consectetur quia quod non aut dolores quia et aliquam. Molestiae quam totam quis non. Aut praesentium et molestias perspiciatis quas.',121,1,0,'1975-01-21 23:21:23','2020-11-01 14:30:37'),(8,99,NULL,'corporis','Et soluta consequatur ab fuga. Beatae corrupti quae ea ut magni quia. Quia ab temporibus magni a alias.',117,1,0,'2020-07-19 00:51:35','2020-11-01 14:30:37'),(9,27,NULL,'recusandae','Fugit laboriosam atque fuga assumenda veritatis. Qui nulla aspernatur distinctio et eos dolorem delectus. Non quo et iure. Qui aliquid aut quia in.',22,1,0,'1973-09-07 23:49:17','2020-11-01 14:30:37'),(10,63,NULL,'laborum','Ad et vel dolores aut. Voluptatem ipsa vitae corporis. Pariatur quas eum asperiores sit. Cupiditate accusamus voluptatum totam.',78,0,0,'2011-02-18 06:23:18','2020-11-01 14:30:37'),(11,16,NULL,'optio','Velit quia culpa aliquam nihil et sed quia. Ut minima corporis nulla. Quia officiis voluptatibus maiores omnis eligendi.',90,0,0,'1987-10-04 10:43:31','2020-11-01 14:30:37'),(12,50,NULL,'consectetur','Harum tempore qui at et. Reiciendis porro debitis sed porro. Sed magni et quo laudantium dolor sed at quae. Aliquid possimus et distinctio velit iure expedita adipisci. Labore voluptatem voluptatum est animi est sed.',173,1,0,'1991-12-10 13:00:49','2020-11-01 14:30:37'),(13,54,NULL,'optio','Soluta rerum quo adipisci placeat dolorum nemo fuga. Sit sit enim dolores accusantium non corrupti. Ut reiciendis ut deleniti cupiditate possimus non quia. Voluptatem cumque vitae sunt sunt est perferendis.',270,0,0,'2006-07-28 15:20:11','2020-11-01 14:30:37'),(14,57,NULL,'libero','Pariatur et illum est fuga quaerat. Quis autem debitis repellat ea quis praesentium velit ipsa. Nihil repellendus est nostrum et eius. Sequi quidem est debitis dolorum.',278,1,0,'1988-09-10 23:31:38','2020-11-01 14:30:37'),(15,48,NULL,'ut','Magnam amet quaerat nihil repellat. In incidunt ipsa suscipit nostrum quia. Corrupti id saepe ullam itaque dolor sit. Vel illum ea iusto dolores rem accusantium.',297,1,0,'1976-06-09 02:03:02','2020-11-01 14:30:37'),(16,64,NULL,'eveniet','Maxime rerum minima a ea est aut sed. Totam odio excepturi quae nostrum repellat ducimus. Architecto impedit dolores voluptas veritatis accusantium. Praesentium incidunt tenetur et est ipsa.',195,0,0,'1995-11-19 05:43:54','2020-11-01 14:30:37'),(17,51,NULL,'sit','Dolorem id placeat quam cupiditate in laborum. Quod vero voluptatem molestiae aliquid necessitatibus. Corrupti quam nulla explicabo sint ipsa quidem. Tenetur natus aliquid iure cumque quos consequatur. Autem consequatur pariatur rerum porro culpa ut.',16,1,0,'2015-11-13 22:40:20','2020-11-01 14:30:37'),(18,72,NULL,'quia','Est voluptatibus quod aut ipsa tenetur delectus voluptas dolorem. Molestias reprehenderit ea nulla ut. Perferendis molestiae aut et quidem quia dolor voluptatum. Saepe voluptatem voluptatem tempore nobis et occaecati.',77,0,0,'2015-01-28 08:30:58','2020-11-01 14:30:37'),(19,28,NULL,'accusamus','Ratione eos repudiandae non eius et. Vel distinctio alias aut molestiae perferendis quae. Vel nobis quisquam iure. Porro eum molestiae et asperiores eum temporibus iure.',148,0,0,'1979-08-04 08:17:57','2020-11-01 14:30:37'),(20,47,NULL,'eveniet','Et consequuntur fugit pariatur sit pariatur. Laborum nam fugiat nobis fuga laboriosam modi quae. Cupiditate delectus harum iste quis fuga.',228,1,0,'1991-03-03 09:15:55','2020-11-01 14:30:37'),(21,2,NULL,'sint','Ea sed nostrum ipsam cum autem tenetur veniam. Labore fugit saepe odio aut omnis nam. Iusto ad ducimus similique architecto consectetur magnam. Ut cupiditate est enim et quidem doloremque.',49,1,0,'2015-05-03 13:50:40','2020-11-01 14:30:37'),(22,34,NULL,'doloremque','Omnis soluta quibusdam tempore tenetur ab veniam ex. Eaque rerum a reiciendis reprehenderit omnis ad sit eum. Officiis suscipit vel eos atque commodi molestiae. Illum voluptatem voluptatum et enim quae.',148,1,0,'2011-11-05 11:05:03','2020-11-01 14:30:37'),(23,7,NULL,'voluptatem','Accusamus aliquid id dolor eius quas sit totam. Temporibus rerum magni temporibus eum esse excepturi at. Repudiandae adipisci ducimus et enim.',181,0,0,'2014-03-16 03:03:55','2020-11-01 14:30:37'),(24,21,NULL,'at','Ipsum ad facilis totam nobis quia dicta consectetur voluptate. Et saepe autem repellendus repellat. Cumque accusamus accusamus cumque. Consequatur nam maiores expedita. Laudantium ea optio ut et et.',265,1,1,'2020-01-03 22:55:28','2020-11-01 14:30:37'),(25,93,NULL,'voluptate','Corporis quidem et repellendus. Unde ducimus eum praesentium suscipit mollitia aliquam vel. Provident minus sapiente repellendus eligendi.',32,0,1,'1983-09-16 20:11:39','2020-11-01 14:30:37'),(26,31,NULL,'id','Laborum tempore numquam voluptas nemo. Sit error sed non harum explicabo minima. Provident ex inventore sapiente. Quo soluta aut rem sint quis quibusdam aut. Dolore dicta fugiat esse eveniet qui distinctio veritatis.',242,1,1,'1997-03-29 23:01:05','2020-11-01 14:30:37'),(27,51,NULL,'culpa','Nam iusto reprehenderit odio. Officia est corporis enim. Aut voluptates dolor illo aut accusamus.',209,0,1,'2015-08-07 18:10:51','2020-11-01 14:30:37'),(28,27,NULL,'non','Et sit doloribus eius illum suscipit non autem dolores. Vero minus praesentium aut impedit exercitationem sed reiciendis cumque. Qui nisi explicabo ea est.',208,0,1,'2005-10-19 17:48:34','2020-11-01 14:30:37'),(29,93,NULL,'velit','Illo cumque tempore error. Tenetur natus tempora inventore expedita ab vel dignissimos. Inventore veniam placeat rerum pariatur pariatur quis laboriosam.',246,1,1,'1997-03-26 17:56:33','2020-11-01 14:30:37'),(30,8,NULL,'dolorem','Et itaque blanditiis eos eum culpa. Ex consequatur est sint qui deleniti. Est rerum est quidem excepturi et ut.',128,0,0,'1999-12-07 10:53:43','2020-11-01 14:30:37'),(31,3,NULL,'libero','Minus est nemo inventore eos esse molestiae consequatur voluptatibus. Provident omnis veniam numquam nobis sequi alias. Non est illo odit voluptatem sit natus.',88,1,0,'2009-01-31 01:13:57','2020-11-01 14:30:37'),(32,96,NULL,'eveniet','Deserunt quisquam est a modi. Provident a impedit tenetur esse occaecati error sed. Adipisci non neque aut et accusantium molestiae. Officia sed animi vel omnis.',234,1,1,'2005-09-24 02:19:00','2020-11-01 14:30:37'),(33,16,NULL,'labore','In autem qui id qui. Et qui et laboriosam sit ut velit est. Et et nihil fugiat ex in placeat. Nulla molestias accusantium dolorem vel accusantium maxime ut.',276,0,1,'2006-06-15 00:43:58','2020-11-01 14:30:37'),(34,72,NULL,'velit','Non qui accusamus facilis facere autem. Unde corrupti et similique adipisci asperiores distinctio. Et dolorem facere excepturi et. Cupiditate accusantium illum et sunt id nemo eos voluptatem.',133,0,1,'2007-02-24 11:33:06','2020-11-01 14:30:37'),(35,49,NULL,'sit','Mollitia dolore ullam optio nostrum tempora. Saepe tempora illo quos provident quibusdam enim commodi facere. Laudantium ut hic culpa dolorem.',72,1,0,'2020-07-03 08:58:23','2020-11-01 14:30:37'),(36,92,NULL,'rerum','Sit saepe amet ut magni. Eius ullam rem perferendis adipisci similique rerum occaecati. Possimus qui sit qui ullam eum sed. Nulla molestiae modi explicabo et repellat maxime minima. Velit omnis non ab beatae eum et.',123,0,1,'2019-05-31 18:27:02','2020-11-01 14:30:37'),(37,71,NULL,'quia','Harum tempora non quaerat hic doloremque delectus fugiat magni. Fuga maiores iusto esse impedit perspiciatis illo. Earum sit pariatur quam.',65,0,0,'2017-12-20 15:45:07','2020-11-01 14:30:37'),(38,62,NULL,'sit','Nihil ea qui est quaerat dicta voluptate optio. Minus fuga qui vero. Nobis exercitationem asperiores distinctio delectus et maxime dolorem.',211,1,1,'1982-10-12 18:03:39','2020-11-01 14:30:37'),(39,52,NULL,'dolores','Rerum sequi nihil aut qui. Et dolor at dolorum vitae autem. Nisi laboriosam delectus et similique illo sed iste.',247,0,1,'1984-02-27 12:20:44','2020-11-01 14:30:37'),(40,86,NULL,'ratione','Modi consequatur ut delectus ipsum enim magni magni. Sit iste rerum exercitationem ipsum dolorem.',65,1,0,'2012-08-29 23:09:42','2020-11-01 14:30:37'),(41,49,NULL,'id','Voluptatem molestiae tempore possimus. Nulla corporis excepturi corrupti harum. Aut eos quis necessitatibus delectus consequatur doloribus.',228,0,1,'2004-05-16 23:57:51','2020-11-01 14:30:37'),(42,38,NULL,'aut','Sunt libero provident sed aut quia vel laborum eaque. Sit quasi dignissimos fugiat pariatur. Consequatur quos facere nihil officiis ex optio.',179,0,0,'2002-12-14 05:30:13','2020-11-01 14:30:37'),(43,50,NULL,'deserunt','Aut sunt sit aut vitae debitis aut. Maiores aliquam est molestiae omnis molestiae et quo. Perspiciatis illum quidem in quisquam voluptatibus quo.',87,1,1,'2016-02-13 13:15:53','2020-11-01 14:30:37'),(44,50,NULL,'fuga','Exercitationem id ipsa veritatis quisquam architecto praesentium aut. Vitae vitae voluptatum voluptates consectetur exercitationem eius fugiat ea. Odio repellat aut atque vel. Quam molestiae dolorem deleniti.',291,0,1,'2011-10-27 21:34:06','2020-11-01 14:30:37'),(45,47,NULL,'vel','Nobis aliquam nobis doloribus ducimus fugit. Laboriosam quidem vero quidem molestiae nihil sit. Velit sed alias sint rerum est esse veniam assumenda.',261,1,0,'2016-03-29 10:36:55','2020-11-01 14:30:37'),(46,100,NULL,'eos','Et fugiat blanditiis eveniet adipisci eveniet voluptatem. Velit accusantium dicta laborum delectus velit qui non. Nesciunt ab quia excepturi est et nobis. Tenetur quis iusto ducimus eum molestiae porro.',100,0,0,'2010-02-19 14:36:12','2020-11-01 14:30:37'),(47,6,NULL,'aspernatur','Dolorem voluptas blanditiis ea quo et nostrum non. Quidem odit harum sunt qui voluptatem et. Quia numquam et optio deserunt quas.',220,0,1,'1989-02-15 09:30:19','2020-11-01 14:30:37'),(48,75,NULL,'voluptatum','Esse perferendis et delectus ut excepturi corporis occaecati. Odio commodi distinctio adipisci mollitia.',291,1,1,'1997-12-01 03:20:11','2020-11-01 14:30:37'),(49,4,NULL,'libero','Assumenda non cupiditate qui doloremque quod. Dolore quia et sed alias. Dolorem et dolor blanditiis ab. Maxime commodi soluta et optio soluta pariatur tenetur. Rerum molestiae quos itaque asperiores optio sapiente.',188,1,1,'1993-07-30 22:11:31','2020-11-01 14:30:37'),(50,40,NULL,'officiis','Ipsam occaecati saepe dolor quae officia. Minima deserunt deleniti modi et alias nisi. Ut aut ut modi.',295,1,0,'2004-05-26 21:29:00','2020-11-01 14:30:37'),(51,62,NULL,'placeat','Quibusdam iure enim dolore. A ipsa voluptas et culpa. Ad earum sunt iure ut quaerat debitis voluptatem quis. Quia itaque sit ut vero cupiditate velit aliquam maiores.',259,1,1,'1970-06-29 03:06:07','2020-11-01 14:30:37'),(52,6,NULL,'expedita','Rerum nostrum sequi velit eveniet recusandae consequatur sunt ea. Minus accusantium pariatur odio aut. Ut culpa architecto consequatur a quo.',7,1,1,'1977-05-01 13:42:44','2020-11-01 14:30:37'),(53,35,NULL,'corrupti','Autem in quia possimus nam ad. Omnis dolores molestiae itaque. Distinctio ab mollitia doloremque facere. Quis tempora exercitationem commodi voluptates laboriosam odio sequi vel.',276,1,1,'1972-11-03 18:58:06','2020-11-01 14:30:37'),(54,50,NULL,'doloremque','Iure maxime ut optio assumenda. Beatae nulla architecto facere cumque et numquam.',147,0,1,'2014-07-04 22:01:48','2020-11-01 14:30:37'),(55,10,NULL,'ab','Voluptatem incidunt veniam omnis. Nam impedit aliquid nisi earum cumque quibusdam. Distinctio explicabo qui ipsum molestias odit est nostrum.',172,1,0,'1995-04-07 07:56:28','2020-11-01 14:30:37'),(56,11,NULL,'et','Quod voluptatem ut itaque inventore cumque. Eligendi assumenda architecto accusamus est et ut. Enim excepturi iusto sint sapiente in voluptatem.',142,1,1,'2000-06-09 17:39:48','2020-11-01 14:30:37'),(57,9,NULL,'blanditiis','Ut aut sint sint quis ea magnam. Sed facilis tempora quo rerum rerum. Autem sit dolor voluptas adipisci.',79,0,1,'2000-04-08 05:44:04','2020-11-01 14:30:37'),(58,3,NULL,'voluptatem','Cum aut placeat illo voluptatem repellat accusantium. Itaque perspiciatis est et. Ex ullam quis aliquid rerum. Soluta veniam minus recusandae. Tempora autem nostrum quia est eos dolor molestiae hic.',255,1,0,'2003-06-01 02:43:31','2020-11-01 14:30:37'),(59,15,NULL,'ullam','Possimus tenetur soluta eum autem ut fuga porro. Ut ut sed consequatur aut. Atque aut nisi ab facilis natus exercitationem rerum.',53,0,1,'2002-04-23 17:26:33','2020-11-01 14:30:37'),(60,29,NULL,'sint','Quis libero aut minus hic ea in ipsam. Aut quas dolores sit et. Nostrum eveniet non libero mollitia exercitationem vel eos. Soluta repellat vero quia.',279,0,1,'1990-02-07 17:32:37','2020-11-01 14:30:37'),(61,79,NULL,'eligendi','Tempora molestiae magni quo dolorem quis fugit dignissimos ratione. Facilis nihil nulla eos. Dolor at facilis ullam ad voluptate. Veritatis consequatur magni perferendis repudiandae sapiente magni. Aliquid est ratione at vel aut neque provident distinctio.',206,0,1,'1988-10-26 11:39:19','2020-11-01 14:30:37'),(62,79,NULL,'autem','Iusto aspernatur fugit rem harum dolorem recusandae aliquid totam. Quia quia consequuntur eius esse et laboriosam. Qui culpa dolores molestiae officiis inventore natus vel. Est quo odio fugit qui incidunt et dolor. Harum voluptatum mollitia beatae fugiat eos ut expedita asperiores.',246,1,0,'1972-10-12 13:09:59','2020-11-01 14:30:37'),(63,84,NULL,'voluptate','Pariatur dolorum aperiam sit non voluptas et debitis. Maxime assumenda sit corporis eos ullam dolorem. Expedita rerum quia dicta nisi eum omnis et. Molestiae provident voluptas atque.',59,0,1,'1976-02-19 17:36:50','2020-11-01 14:30:37'),(64,65,NULL,'qui','Accusantium excepturi quod ullam veniam quisquam. In dolorum occaecati possimus rerum consequatur adipisci. Et nemo ut et vel.',25,0,0,'1974-03-27 09:37:22','2020-11-01 14:30:37'),(65,20,NULL,'cum','Accusamus perspiciatis ut necessitatibus id. Neque aut recusandae ut porro at. Sit sunt nulla et voluptatum facere. Excepturi tempora et consequatur natus inventore.',202,1,1,'2000-03-03 01:33:47','2020-11-01 14:30:37'),(66,95,NULL,'minima','Qui soluta saepe quas unde. Quia ab omnis dolore dolorem. Vel velit fugiat nesciunt est consectetur fuga.',97,1,0,'1992-01-04 13:56:18','2020-11-01 14:30:37'),(67,30,NULL,'libero','Doloribus ea quidem et eligendi dolor et. Possimus autem sequi qui id ut mollitia sint. Et odio aliquid dolor architecto similique provident dolores rem. Sint voluptatem voluptatem quae veniam.',136,0,1,'2020-02-19 00:54:40','2020-11-01 14:30:37'),(68,37,NULL,'non','Quidem et vitae blanditiis aut. Placeat perspiciatis sit maxime et qui. Magnam quod eveniet officia aut ut. Unde sunt quis enim quia. Quidem ut est rerum dolore fugit dignissimos deserunt.',129,0,1,'2015-06-27 04:53:27','2020-11-01 14:30:37'),(69,21,NULL,'aliquid','Laborum autem occaecati aut quo. Eius deleniti dolor consequuntur consequatur. Ut velit molestiae quidem hic voluptatem.',24,0,0,'1991-10-25 17:49:59','2020-11-01 14:30:37'),(70,83,NULL,'sequi','Quia expedita rerum eos. Blanditiis voluptates repellendus aperiam in vel nihil aspernatur id. Asperiores at alias veritatis laudantium dolorem vero id. Repellat odit provident est ut consequatur.',37,0,1,'2008-06-16 01:12:57','2020-11-01 14:30:37'),(71,6,NULL,'quae','Incidunt ut aspernatur dolore voluptatum. Laudantium nulla rem voluptates fugiat et autem dolores. Commodi amet laudantium id. Possimus rerum doloremque qui rerum facilis iure at.',67,0,1,'2002-08-21 00:29:56','2020-11-01 14:30:37'),(72,89,NULL,'voluptatem','Non qui aut provident ut ratione. Dolor ut ipsam iste non eum. Eligendi consequuntur voluptatem qui accusantium quia. Officiis est quae id ut consequuntur asperiores.',76,0,0,'1971-06-19 17:33:14','2020-11-01 14:30:37'),(73,56,NULL,'nihil','Quia praesentium id dolores aut dolor consequatur. Quis quia aut quia quia optio. Et harum eveniet consequatur debitis officiis in magnam. Ipsam quia nesciunt aut facilis consectetur accusamus.',270,1,0,'2011-10-24 18:47:39','2020-11-01 14:30:37'),(74,87,NULL,'dignissimos','Alias fugiat asperiores sint velit nulla. Dolores reprehenderit ipsa laudantium sed. Consequuntur voluptas nemo non laborum eveniet.',269,1,1,'2002-04-25 13:40:26','2020-11-01 14:30:37'),(75,13,NULL,'consequuntur','Ut voluptatem vitae possimus cupiditate non. Quod saepe rerum placeat numquam eligendi. Voluptas nemo recusandae nulla consequatur est. Eaque sit sunt rerum. Et ullam delectus cum vel blanditiis in sed.',184,0,0,'1999-05-22 19:19:49','2020-11-01 14:30:37'),(76,23,NULL,'rerum','Voluptas qui voluptatem et et. Iure voluptate consequatur facilis. Voluptatem modi maiores aut eum ratione sed eius.',159,0,0,'2017-01-01 01:54:14','2020-11-01 14:30:37'),(77,71,NULL,'commodi','In eos similique consectetur eveniet molestiae. Est unde similique nostrum nostrum autem dolore. Sapiente cumque laborum veritatis dignissimos nesciunt omnis.',199,0,1,'1984-11-24 17:55:23','2020-11-01 14:30:37'),(78,20,NULL,'repudiandae','Excepturi iusto provident quo expedita totam nesciunt eos. Ad explicabo eligendi voluptas aut porro. Quis officia dolor ex et unde. Suscipit consequatur ullam iusto est exercitationem et deserunt.',103,1,0,'1971-02-03 08:22:58','2020-11-01 14:30:37'),(79,4,NULL,'distinctio','Minima corporis non necessitatibus accusantium sed porro. Necessitatibus labore at quia ipsa quia dignissimos pariatur. Quos est laudantium nihil sed cum laborum qui nesciunt.',114,0,1,'1997-05-03 08:50:25','2020-11-01 14:30:37'),(80,20,NULL,'tempore','Facere nulla quia et at deserunt. Nihil laboriosam et ipsa laboriosam quaerat rerum corporis facere. Et qui et qui qui. Eos natus at itaque et. Voluptas et laboriosam voluptatum eaque.',266,0,1,'1979-06-04 17:45:33','2020-11-01 14:30:37'),(81,92,NULL,'assumenda','Sit excepturi quia voluptatibus voluptatem atque temporibus non libero. Sit qui ratione rerum ipsa id cumque. Consequatur dolorum cumque aut dicta.',177,0,0,'1994-01-18 10:51:27','2020-11-01 14:30:37'),(82,84,NULL,'velit','Non ea est omnis debitis amet et. Omnis possimus deleniti aut dolores. Aut perferendis in ullam perspiciatis deleniti nesciunt iure.',284,1,0,'1984-11-07 21:41:26','2020-11-01 14:30:37'),(83,61,NULL,'aut','A omnis quia dolor. Qui nemo cumque aperiam quasi enim quidem.',55,1,0,'1997-09-29 07:51:18','2020-11-01 14:30:37'),(84,98,NULL,'perspiciatis','Iste assumenda aperiam dolorem molestias voluptatem. Cumque voluptate non nobis illo. Eum voluptas inventore sequi error aut qui. Exercitationem nobis ullam culpa rerum.',115,0,0,'2008-09-20 11:02:30','2020-11-01 14:30:37'),(85,71,NULL,'veniam','Et et est in repudiandae quidem qui illum. Sed quia atque omnis temporibus voluptatibus illum quam. Sapiente ipsum placeat rerum iusto.',170,1,1,'2005-10-22 07:09:01','2020-11-01 14:30:37'),(86,39,NULL,'aliquid','Voluptates placeat eum reprehenderit recusandae corrupti. Modi et fuga eius mollitia. Eos error reprehenderit earum reiciendis molestias quis.',34,1,1,'1999-01-20 11:08:46','2020-11-01 14:30:37'),(87,53,NULL,'beatae','Voluptas accusamus laborum eos. Optio non non consequatur et. Quia explicabo aspernatur eaque qui labore porro dolores aut. Molestiae earum odio at illum vel.',74,1,0,'1988-10-16 14:07:40','2020-11-01 14:30:37'),(88,24,NULL,'eos','Veniam earum qui autem consequatur laborum. Aperiam eaque facilis distinctio voluptas sunt nobis. Aliquam repellat neque itaque rem accusantium. Voluptas dolor a veritatis facilis iusto dolor.',183,1,0,'2005-08-11 02:46:08','2020-11-01 14:30:37'),(89,6,NULL,'ut','Nesciunt sequi porro voluptas rerum suscipit et. Magni quia nam aut officiis nesciunt dolore nihil quis. Consequatur non libero aliquam excepturi ipsum illum ut sint. Vel occaecati cumque voluptates doloribus.',22,1,0,'1978-08-05 00:13:01','2020-11-01 14:30:37'),(90,38,NULL,'voluptates','Similique autem quia ut eum voluptas. Et assumenda quibusdam qui velit labore dolore repellat sit.',5,0,1,'2014-10-13 05:23:17','2020-11-01 14:30:37'),(91,86,NULL,'et','Nesciunt rerum delectus expedita aut at. Corporis ut repellat molestiae illo nam eos voluptatem. Expedita sit inventore pariatur eius vel.',283,0,1,'1972-10-28 02:53:16','2020-11-01 14:30:37'),(92,29,NULL,'vero','Omnis cupiditate impedit blanditiis itaque sit ut et. Dolorem quas ut aspernatur aut eius asperiores. Quo consectetur ea animi consequuntur temporibus ipsam harum illum. Inventore excepturi ut et nesciunt consequatur molestiae praesentium atque. Sed explicabo porro sed et porro.',200,1,1,'1970-09-19 22:09:51','2020-11-01 14:30:37'),(93,24,NULL,'velit','Velit consequatur ut ut libero numquam ut non expedita. Libero id expedita similique quia laudantium recusandae vitae architecto. Rerum eligendi molestiae laborum animi voluptas autem sed beatae. Nobis ea tempora dolores sequi asperiores sed non.',51,1,0,'2015-03-15 23:37:03','2020-11-01 14:30:37'),(94,27,NULL,'voluptatibus','Vel occaecati placeat accusantium animi suscipit ullam et earum. Qui in fugiat nisi rerum. Illum fugiat similique sapiente vel harum quas incidunt.',17,1,0,'1989-06-22 00:26:17','2020-11-01 14:30:37'),(95,51,NULL,'id','Dignissimos suscipit enim amet tempore et sed. Inventore est commodi eos nobis cumque nulla distinctio eos. Possimus voluptatem omnis voluptatem quo. Delectus minima molestiae veritatis molestiae. Consequatur cum sapiente consectetur.',185,0,1,'1980-05-31 14:26:02','2020-11-01 14:30:37'),(96,17,NULL,'consequatur','Et quidem quos voluptatem et. Sed laudantium perspiciatis laborum et odio. Aut voluptatibus ullam et et officia. Est sit enim provident pariatur vel.',125,0,1,'2005-05-29 00:56:15','2020-11-01 14:30:37'),(97,13,NULL,'qui','Suscipit possimus excepturi quia aspernatur. Id itaque enim sit velit. Sit dolorem sed harum voluptatum ipsum perspiciatis. Aut voluptatem non et aliquid quasi et. Maxime quia omnis aliquam ab cupiditate sunt cumque.',98,0,0,'2002-09-24 03:41:29','2020-11-01 14:30:37'),(98,17,NULL,'dolorem','Aliquam laudantium omnis sequi qui. Corporis molestiae aut sed. Culpa expedita similique dolorum autem minus qui rerum.',246,0,1,'1995-10-07 11:17:22','2020-11-01 14:30:37'),(99,40,NULL,'voluptatum','Nihil numquam fugiat necessitatibus deserunt quas animi. Provident nemo et maxime ipsum doloribus aut suscipit. Molestiae repudiandae eos neque amet dolorem.',294,1,0,'1975-02-21 10:12:12','2020-11-01 14:30:37'),(100,29,NULL,'ut','Fuga quo dolore quos quae consectetur. Et sunt neque consequuntur id inventore qui. Eum sit autem aspernatur autem.',167,1,0,'2016-07-04 13:16:53','2020-11-01 14:30:37');
/*!40000 ALTER TABLE `posts` ENABLE KEYS */;
UNLOCK TABLES;

--
-- Table structure for table `profile_statuses`
--

DROP TABLE IF EXISTS `profile_statuses`;
/*!40101 SET @saved_cs_client     = @@character_set_client */;
/*!50503 SET character_set_client = utf8mb4 */;
CREATE TABLE `profile_statuses` (
  `id` int unsigned NOT NULL AUTO_INCREMENT COMMENT 'Идентификатор строки',
  `name` varchar(30) NOT NULL COMMENT 'Название статуса',
  `created_at` datetime DEFAULT CURRENT_TIMESTAMP COMMENT 'Время создания строки',
  `updated_at` datetime DEFAULT CURRENT_TIMESTAMP ON UPDATE CURRENT_TIMESTAMP COMMENT 'Время обновления строки',
  PRIMARY KEY (`id`),
  UNIQUE KEY `name` (`name`)
) ENGINE=InnoDB AUTO_INCREMENT=4 DEFAULT CHARSET=utf8mb4 COLLATE=utf8mb4_0900_ai_ci COMMENT='Статусы профилей';
/*!40101 SET character_set_client = @saved_cs_client */;

--
-- Dumping data for table `profile_statuses`
--

LOCK TABLES `profile_statuses` WRITE;
/*!40000 ALTER TABLE `profile_statuses` DISABLE KEYS */;
INSERT INTO `profile_statuses` VALUES (1,'active','2020-10-21 06:38:36','2020-10-21 06:38:36'),(2,'pending','2020-10-21 06:38:36','2020-10-21 06:38:36'),(3,'disables','2020-10-21 06:38:36','2020-10-21 06:38:36');
/*!40000 ALTER TABLE `profile_statuses` ENABLE KEYS */;
UNLOCK TABLES;

--
-- Table structure for table `profiles`
--

DROP TABLE IF EXISTS `profiles`;
/*!40101 SET @saved_cs_client     = @@character_set_client */;
/*!50503 SET character_set_client = utf8mb4 */;
CREATE TABLE `profiles` (
  `user_id` int unsigned NOT NULL COMMENT 'ðíÐüÐïð╗ð║ð░ ð¢ð░ ð┐ð¥ð╗ÐîðÀð¥ð▓ð░ÐéðÁð╗ÐÅ',
  `gender` enum('F','M') COLLATE utf8_unicode_ci NOT NULL,
  `birthday` date DEFAULT NULL COMMENT 'ðöð░Ðéð░ ÐÇð¥ðÂð┤ðÁð¢ð©ÐÅ',
  `photo_id` int unsigned DEFAULT NULL COMMENT 'ðíÐüÐïð╗ð║ð░ ð¢ð░ ð¥Ðüð¢ð¥ð▓ð¢ÐâÐÄ Ðäð¥Ðéð¥ð│ÐÇð░Ðäð©ÐÄ ð┐ð¥ð╗ÐîðÀð¥ð▓ð░ÐéðÁð╗ÐÅ',
  `status_id` int unsigned DEFAULT NULL,
  `city_id` int unsigned DEFAULT NULL,
  `created_at` datetime DEFAULT CURRENT_TIMESTAMP COMMENT 'ðÆÐÇðÁð╝ÐÅ Ðüð¥ðÀð┤ð░ð¢ð©ÐÅ ÐüÐéÐÇð¥ð║ð©',
  `updated_at` datetime DEFAULT CURRENT_TIMESTAMP ON UPDATE CURRENT_TIMESTAMP COMMENT 'ðÆÐÇðÁð╝ÐÅ ð¥ð▒ð¢ð¥ð▓ð╗ðÁð¢ð©ÐÅ ÐüÐéÐÇð¥ð║ð©',
  PRIMARY KEY (`user_id`),
  KEY `profiles_photo_id_fk` (`photo_id`),
  KEY `profiles_status_id_fk` (`status_id`),
  KEY `profiles_city_id_fk` (`city_id`),
  CONSTRAINT `profiles_city_id_fk` FOREIGN KEY (`city_id`) REFERENCES `cities` (`id`) ON DELETE SET NULL,
  CONSTRAINT `profiles_photo_id_fk` FOREIGN KEY (`photo_id`) REFERENCES `media` (`id`) ON DELETE SET NULL,
  CONSTRAINT `profiles_status_id_fk` FOREIGN KEY (`status_id`) REFERENCES `profile_statuses` (`id`) ON DELETE SET NULL,
  CONSTRAINT `profiles_user_id_fk` FOREIGN KEY (`user_id`) REFERENCES `users` (`id`) ON DELETE CASCADE
) ENGINE=InnoDB DEFAULT CHARSET=utf8 COLLATE=utf8_unicode_ci COMMENT='ðƒÐÇð¥Ðäð©ð╗ð©';
/*!40101 SET character_set_client = @saved_cs_client */;

--
-- Dumping data for table `profiles`
--

LOCK TABLES `profiles` WRITE;
/*!40000 ALTER TABLE `profiles` DISABLE KEYS */;
INSERT INTO `profiles` VALUES (1,'F','2009-11-28',49,1,10,'1997-04-21 12:20:03','2020-10-21 07:02:09'),(2,'M','2006-10-04',34,2,71,'1978-02-04 23:30:20','2020-10-21 07:02:09'),(3,'F','1977-04-28',26,2,28,'1989-03-13 18:54:18','2020-10-21 07:02:09'),(4,'M','2011-05-19',16,1,23,'1980-05-29 13:50:34','2020-10-21 07:02:09'),(5,'F','1985-12-11',96,1,32,'1972-09-13 16:21:15','2020-10-21 07:02:09'),(6,'M','1981-05-06',42,1,92,'2004-11-19 16:06:33','2020-10-21 07:02:09'),(7,'F','1972-01-19',68,1,62,'1991-08-27 23:46:42','2020-10-21 07:02:09'),(8,'F','1993-08-16',76,1,36,'2016-01-01 23:07:43','2020-10-21 07:02:09'),(9,'F','1989-09-05',4,1,90,'1999-11-06 03:29:52','2020-10-21 07:02:09'),(10,'M','2004-03-11',56,1,43,'2004-11-30 10:13:22','2020-10-21 07:02:09'),(11,'F','1990-12-17',30,1,43,'1991-08-30 08:56:42','2020-10-21 07:02:09'),(12,'F','1977-08-07',22,1,87,'1971-05-10 13:06:30','2020-10-21 07:02:09'),(13,'F','2001-11-29',49,1,7,'1978-09-07 05:05:39','2020-10-21 07:02:09'),(14,'M','1999-11-03',4,1,71,'1991-05-23 16:47:04','2020-10-21 07:02:09'),(15,'F','1989-06-15',58,1,36,'1980-03-18 00:14:36','2020-10-21 07:02:09'),(16,'F','1970-08-08',41,1,66,'1974-01-19 05:23:01','2020-10-21 07:02:09'),(17,'F','1992-03-13',92,1,21,'2015-03-15 21:39:38','2020-10-21 07:02:09'),(18,'F','1975-01-21',35,1,7,'1998-08-19 21:04:17','2020-10-21 07:02:09'),(19,'F','2000-05-30',87,1,69,'1972-07-08 02:46:38','2020-10-21 07:02:09'),(20,'F','2012-07-11',79,1,26,'1985-10-09 17:24:12','2020-10-21 07:02:09'),(21,'M','2015-07-18',39,1,20,'1998-09-10 12:08:15','2020-10-21 07:02:09'),(22,'M','2009-12-24',83,3,25,'1974-06-09 20:12:15','2020-10-21 07:02:09'),(23,'F','1979-11-21',18,1,62,'1990-07-10 04:32:23','2020-10-21 07:02:09'),(24,'F','1978-05-11',9,1,36,'2001-12-18 06:19:54','2020-10-21 07:02:09'),(25,'F','2003-12-31',88,1,94,'2005-02-03 02:52:08','2020-10-21 07:02:09'),(26,'M','1999-01-30',93,3,60,'1971-12-06 13:54:34','2020-10-21 07:02:09'),(27,'M','2019-10-04',63,1,19,'2019-09-06 04:11:17','2020-10-21 07:02:09'),(28,'M','1975-08-14',96,1,13,'2010-10-17 13:35:15','2020-10-21 07:02:09'),(29,'F','1985-05-30',92,1,10,'1973-11-17 22:22:19','2020-10-21 07:02:09'),(30,'F','1971-01-19',50,1,10,'1973-06-17 15:01:46','2020-10-21 07:02:09'),(31,'M','2015-11-13',52,1,17,'1991-04-08 12:18:39','2020-10-21 07:02:09'),(32,'F','1996-01-13',18,1,56,'1976-02-22 02:56:55','2020-10-21 07:02:09'),(33,'M','2001-10-24',17,3,29,'2002-11-07 22:14:16','2020-10-21 07:02:09'),(34,'M','1976-06-16',41,1,78,'1997-05-31 06:53:26','2020-10-21 07:02:09'),(35,'M','1978-07-15',34,1,99,'1986-04-01 14:10:52','2020-10-21 07:02:09'),(36,'M','2011-09-20',72,1,63,'1989-10-19 06:07:59','2020-10-21 07:02:09'),(37,'M','1973-03-25',27,1,16,'2008-03-14 02:38:48','2020-10-21 07:02:09'),(38,'M','2006-11-27',8,1,92,'2017-04-05 14:50:54','2020-10-21 07:02:09'),(39,'F','1997-03-07',1,1,11,'1993-08-17 05:13:14','2020-10-21 07:02:09'),(40,'M','1983-08-12',84,1,77,'2015-06-25 14:41:08','2020-10-21 07:02:09'),(41,'F','2007-04-05',24,1,51,'2013-10-16 08:32:32','2020-10-21 07:02:09'),(42,'M','1970-02-26',24,1,23,'2009-05-29 00:59:40','2020-10-21 07:02:09'),(43,'M','1996-08-03',34,1,64,'2001-03-31 13:31:52','2020-10-21 07:02:09'),(44,'M','2018-07-08',21,1,51,'2007-06-06 11:35:35','2020-10-21 07:02:09'),(45,'M','2003-04-11',30,1,62,'1988-01-25 16:04:27','2020-10-21 07:02:09'),(46,'M','1988-05-07',90,1,54,'2017-11-09 07:10:07','2020-10-21 07:02:09'),(47,'M','1973-07-25',70,1,87,'1978-12-14 09:18:54','2020-10-21 07:02:09'),(48,'F','1981-09-25',47,1,70,'1991-04-11 00:58:28','2020-10-21 07:02:09'),(49,'F','1999-07-08',43,1,90,'1972-03-12 15:46:14','2020-10-21 07:02:09'),(50,'F','2020-07-13',81,1,37,'2006-10-11 19:05:33','2020-10-21 07:02:09'),(51,'F','1998-08-31',14,1,18,'1980-01-05 22:31:45','2020-10-21 07:02:09'),(52,'M','2000-04-12',3,1,76,'1975-06-17 14:15:42','2020-10-21 07:02:09'),(53,'M','2001-04-13',85,1,27,'1989-06-24 21:10:42','2020-10-21 07:02:09'),(54,'M','2010-05-12',60,1,4,'2006-04-14 15:01:41','2020-10-21 07:02:09'),(55,'F','1993-08-14',72,1,41,'2005-09-02 15:38:03','2020-10-21 07:02:09'),(56,'F','1990-09-01',60,2,92,'2019-11-30 06:56:46','2020-10-21 07:02:09'),(57,'F','1979-03-31',63,1,34,'2014-03-12 14:03:36','2020-10-21 07:02:09'),(58,'M','1974-10-29',80,1,96,'1970-06-07 08:38:02','2020-10-21 07:02:09'),(59,'M','1978-01-03',82,1,78,'1972-05-01 08:04:11','2020-10-21 07:02:09'),(60,'F','1980-08-02',98,1,100,'1981-02-22 22:49:43','2020-10-21 07:02:09'),(61,'F','1979-04-03',31,1,67,'2000-05-07 08:51:13','2020-10-21 07:02:09'),(62,'F','2011-05-25',58,1,36,'1975-02-24 12:10:15','2020-10-21 07:02:09'),(63,'F','1993-06-05',21,1,77,'2000-04-17 06:25:21','2020-10-21 07:02:09'),(64,'F','1993-03-24',62,1,74,'1982-05-07 07:23:20','2020-10-21 07:02:09'),(65,'M','1983-01-25',76,1,42,'1982-08-29 06:44:45','2020-10-21 07:02:09'),(66,'F','2011-09-14',58,1,87,'1994-04-04 16:12:09','2020-10-21 07:02:09'),(67,'F','1976-10-06',25,1,8,'2019-10-16 20:32:35','2020-10-21 07:02:09'),(68,'M','1994-08-07',55,1,77,'1981-12-28 18:38:00','2020-10-21 07:02:09'),(69,'M','1987-11-03',27,1,60,'1988-02-24 17:35:31','2020-10-21 07:02:09'),(70,'M','1991-04-06',6,1,69,'1990-01-10 20:21:01','2020-10-21 07:02:09'),(71,'F','1980-10-03',62,1,66,'2020-04-21 03:35:20','2020-10-21 07:02:09'),(72,'F','1990-09-14',71,1,20,'2002-05-17 13:37:57','2020-10-21 07:02:09'),(73,'F','1976-01-10',16,1,4,'1991-03-05 12:04:48','2020-10-21 07:02:09'),(74,'M','1982-03-10',5,1,58,'2007-07-20 09:32:44','2020-10-21 07:02:09'),(75,'M','2008-01-18',53,1,78,'2009-12-17 17:25:59','2020-10-21 07:02:09'),(76,'M','1989-03-06',44,2,15,'2011-02-13 12:31:32','2020-10-21 07:02:09'),(77,'M','1973-10-05',42,1,42,'1981-03-25 03:47:08','2020-10-21 07:02:09'),(78,'M','2005-01-10',93,1,62,'2011-07-20 13:21:27','2020-10-21 07:02:09'),(79,'M','2013-12-06',92,1,84,'2014-10-28 00:56:03','2020-10-21 07:02:09'),(80,'M','1980-04-25',67,1,33,'1982-08-15 13:21:50','2020-10-21 07:02:09'),(81,'F','1990-10-17',31,1,13,'2009-08-03 18:15:58','2020-10-21 07:02:09'),(82,'M','2020-01-19',86,1,66,'1985-08-21 14:19:45','2020-10-21 07:02:09'),(83,'M','1982-12-29',80,1,91,'1994-07-13 05:01:18','2020-10-21 07:02:09'),(84,'F','1998-10-24',26,1,56,'1995-08-15 08:22:23','2020-10-21 07:02:09'),(85,'F','1987-07-05',40,1,8,'2006-06-17 14:19:02','2020-10-21 07:02:09'),(86,'F','1996-11-24',43,3,71,'1970-08-14 00:20:06','2020-10-21 07:02:09'),(87,'M','2019-04-24',92,1,30,'1994-01-26 06:30:06','2020-10-21 07:02:09'),(88,'F','1980-06-17',74,1,38,'2002-10-11 19:18:03','2020-10-21 07:02:09'),(89,'F','2010-01-31',34,2,97,'2016-01-08 14:09:05','2020-10-21 07:02:09'),(90,'F','2016-11-09',22,1,71,'2001-06-03 17:01:39','2020-10-21 07:02:09'),(91,'F','2013-06-19',45,1,64,'2012-05-05 18:50:20','2020-10-21 07:02:09'),(92,'F','1995-06-06',20,1,4,'1981-10-09 11:04:09','2020-10-21 07:02:09'),(93,'F','1975-05-21',29,1,31,'2015-10-12 05:43:44','2020-10-21 07:02:09'),(94,'M','1971-05-13',8,1,40,'1981-12-29 16:04:29','2020-10-21 07:02:09'),(95,'M','2018-12-30',42,1,9,'1977-09-15 09:11:19','2020-10-21 07:02:09'),(96,'F','2019-09-12',88,1,23,'2000-09-06 14:32:17','2020-10-21 07:02:09'),(97,'F','2019-12-27',45,1,89,'2013-09-14 05:53:39','2020-10-21 07:02:09'),(98,'F','2004-06-22',17,1,73,'2004-06-07 08:35:33','2020-10-21 07:02:09'),(99,'M','2004-07-24',98,3,98,'1978-10-07 17:34:31','2020-10-21 07:02:09'),(100,'M','2019-12-16',75,1,71,'2011-05-08 08:08:38','2020-10-21 07:02:09');
/*!40000 ALTER TABLE `profiles` ENABLE KEYS */;
UNLOCK TABLES;

--
-- Table structure for table `target_types`
--

DROP TABLE IF EXISTS `target_types`;
/*!40101 SET @saved_cs_client     = @@character_set_client */;
/*!50503 SET character_set_client = utf8mb4 */;
CREATE TABLE `target_types` (
  `id` int unsigned NOT NULL AUTO_INCREMENT,
  `name` varchar(255) NOT NULL,
  `created_at` datetime DEFAULT CURRENT_TIMESTAMP,
  PRIMARY KEY (`id`),
  UNIQUE KEY `name` (`name`)
) ENGINE=InnoDB AUTO_INCREMENT=5 DEFAULT CHARSET=utf8mb4 COLLATE=utf8mb4_0900_ai_ci;
/*!40101 SET character_set_client = @saved_cs_client */;

--
-- Dumping data for table `target_types`
--

LOCK TABLES `target_types` WRITE;
/*!40000 ALTER TABLE `target_types` DISABLE KEYS */;
INSERT INTO `target_types` VALUES (1,'messages','2020-10-31 16:49:53'),(2,'users','2020-10-31 16:49:53'),(3,'media','2020-10-31 16:49:53'),(4,'posts','2020-10-31 16:49:53');
/*!40000 ALTER TABLE `target_types` ENABLE KEYS */;
UNLOCK TABLES;

--
-- Table structure for table `users`
--

DROP TABLE IF EXISTS `users`;
/*!40101 SET @saved_cs_client     = @@character_set_client */;
/*!50503 SET character_set_client = utf8mb4 */;
CREATE TABLE `users` (
  `id` int unsigned NOT NULL AUTO_INCREMENT COMMENT 'ðÿð┤ðÁð¢Ðéð©Ðäð©ð║ð░Ðéð¥ÐÇ ÐüÐéÐÇð¥ð║ð©',
  `first_name` varchar(100) CHARACTER SET utf8 COLLATE utf8_unicode_ci NOT NULL COMMENT 'ðÿð╝ÐÅ ð┐ð¥ð╗ÐîðÀð¥ð▓ð░ÐéðÁð╗ÐÅ',
  `last_name` varchar(100) CHARACTER SET utf8 COLLATE utf8_unicode_ci NOT NULL COMMENT 'ðñð░ð╝ð©ð╗ð©ÐÅ ð┐ð¥ð╗ÐîðÀð¥ð▓ð░ÐéðÁð╗ÐÅ',
  `email` varchar(100) CHARACTER SET utf8 COLLATE utf8_unicode_ci NOT NULL COMMENT 'ðƒð¥ÐçÐéð░',
  `phone` varchar(100) CHARACTER SET utf8 COLLATE utf8_unicode_ci NOT NULL COMMENT 'ðóðÁð╗ðÁÐäð¥ð¢',
  `created_at` datetime DEFAULT CURRENT_TIMESTAMP COMMENT 'ðÆÐÇðÁð╝ÐÅ Ðüð¥ðÀð┤ð░ð¢ð©ÐÅ ÐüÐéÐÇð¥ð║ð©',
  `updated_at` datetime DEFAULT CURRENT_TIMESTAMP ON UPDATE CURRENT_TIMESTAMP COMMENT 'ðÆÐÇðÁð╝ÐÅ ð¥ð▒ð¢ð¥ð▓ð╗ðÁð¢ð©ÐÅ ÐüÐéÐÇð¥ð║ð©',
  PRIMARY KEY (`id`),
  UNIQUE KEY `email` (`email`),
  UNIQUE KEY `phone` (`phone`)
) ENGINE=InnoDB AUTO_INCREMENT=101 DEFAULT CHARSET=utf8 COLLATE=utf8_unicode_ci COMMENT='ðƒð¥ð╗ÐîðÀð¥ð▓ð░ÐéðÁð╗ð©';
/*!40101 SET character_set_client = @saved_cs_client */;

--
-- Dumping data for table `users`
--

LOCK TABLES `users` WRITE;
/*!40000 ALTER TABLE `users` DISABLE KEYS */;
INSERT INTO `users` VALUES (1,'Broderick','Murphy','francis66@example.net','(817)071-7708x20049','1975-09-10 01:47:22','1998-04-07 00:50:19'),(2,'Adan','Bode','qrobel@example.net','558-724-4479x748','2002-05-28 16:05:20','1974-10-26 21:46:26'),(3,'Stephany','Fay','moriah58@example.org','1-285-144-8906x4257','1993-03-27 18:12:44','1996-09-07 08:06:55'),(4,'Viva','Pagac','ondricka.christine@example.net','1-597-501-0418x168','1985-12-04 04:42:16','2010-04-04 18:21:52'),(5,'Ross','Gorczany','block.misty@example.net','1-750-096-0650x8548','1972-03-22 15:16:37','2009-10-24 11:04:55'),(6,'Georgiana','Mohr','wkonopelski@example.com','624.231.5667','1980-03-23 09:19:37','1999-01-11 04:00:31'),(7,'Houston','Goyette','frances.quigley@example.org','928.894.5549','1993-12-02 17:42:58','2018-11-24 05:25:15'),(8,'Clifford','Feest','onie09@example.net','04098180472','2018-04-28 08:54:04','1989-11-14 04:42:53'),(9,'Alex','Mayert','moen.maritza@example.org','908.360.5023','1983-10-07 14:32:47','2006-05-30 21:27:50'),(10,'Abraham','Kihn','alfonzo.kozey@example.org','176.187.3801','1991-07-30 09:56:24','1978-10-13 16:14:49'),(11,'Fernando','Will','efrain86@example.net','999.933.7720x7084','2011-05-16 11:50:28','2006-02-03 03:07:11'),(12,'Leon','Anderson','mcglynn.jonas@example.com','228-952-9825','2000-11-01 00:56:58','2020-03-03 07:30:18'),(13,'Korbin','Harber','caesar.olson@example.com','+76(7)2245099623','2016-04-28 17:02:13','2010-01-05 06:03:44'),(14,'Unique','Casper','sylvia.feest@example.org','946-391-0021','1991-11-20 13:37:54','2012-07-25 05:03:58'),(15,'Lorna','Ritchie','chyna.rippin@example.com','088-601-8407','1978-04-19 06:06:34','2017-08-30 20:11:41'),(16,'Elena','Roob','flatley.cristobal@example.net','1-258-382-2977x002','1970-07-23 21:06:15','1977-05-03 01:09:05'),(17,'Aditya','Sporer','oprosacco@example.org','03671774659','1997-01-25 03:08:48','2012-12-29 16:51:59'),(18,'Rosalia','Mitchell','coralie.witting@example.com','+43(2)8555965902','1989-02-04 23:52:38','2014-10-23 16:23:46'),(19,'Jaylen','Konopelski','christophe.dickens@example.net','1-406-218-8019','1990-09-27 10:32:48','1989-04-04 10:30:33'),(20,'Laurine','Rau','terence12@example.org','(856)739-0608','2010-09-27 19:24:05','1976-02-09 13:50:48'),(21,'Jena','Olson','ajacobi@example.org','973.544.6879x65788','2001-09-11 22:21:12','2011-03-30 18:17:18'),(22,'Berta','Collier','carley.jacobs@example.org','833.540.6325x3804','2011-07-18 22:55:08','2006-06-19 05:13:26'),(23,'Buford','Bins','alana.rippin@example.net','008-531-4939','2019-02-16 07:47:35','2003-12-06 23:53:59'),(24,'Iliana','Harris','adolf.morar@example.net','05817176158','2016-06-05 21:31:02','1996-03-19 09:51:00'),(25,'Brice','Schimmel','altenwerth.cecelia@example.com','040-908-2785x35673','1970-05-20 11:19:21','2001-09-11 13:35:05'),(26,'Clarissa','Rippin','oberbrunner.gladys@example.com','1-477-686-8900x8014','1979-01-02 16:44:00','1994-03-08 03:20:49'),(27,'Krystina','Steuber','arch54@example.org','01723081467','1991-01-17 11:06:19','1981-06-10 14:31:19'),(28,'Juston','Bernhard','dickens.asia@example.com','+27(0)7448125258','1979-07-13 04:42:58','1970-05-22 14:24:32'),(29,'Faustino','Altenwerth','waelchi.jerad@example.net','226-041-2458x15191','1978-09-16 04:24:34','2016-03-22 06:08:49'),(30,'Augustus','Cremin','jacky25@example.net','331-266-3439','1998-12-31 17:52:10','1975-07-25 10:28:13'),(31,'Erika','Abernathy','sdietrich@example.net','1-345-358-8236x99770','2006-03-14 03:03:24','2013-05-02 16:36:11'),(32,'Loyce','Keebler','myrtie01@example.org','(993)102-3782x306','1980-07-14 20:08:37','2008-07-13 11:21:51'),(33,'Retha','Glover','lina90@example.com','+29(9)3736512225','2005-09-28 16:40:00','1981-05-09 23:51:55'),(34,'Alexa','Steuber','vmraz@example.org','(917)166-0333','2017-10-10 22:09:34','1989-02-07 05:18:37'),(35,'Dana','Hegmann','kilback.garland@example.org','835-348-3540x63128','1970-04-15 11:54:04','1984-04-22 04:17:00'),(36,'Duncan','Considine','pbergnaum@example.org','(571)240-7843x3469','2010-08-03 03:51:14','1991-08-05 18:25:39'),(37,'Saul','Treutel','kennedy57@example.org','139.312.4538','1990-10-27 22:04:44','2014-07-26 20:06:32'),(38,'Jermey','Shanahan','edwardo.halvorson@example.net','118-209-0634x6869','1973-01-01 08:58:31','1981-03-08 13:00:05'),(39,'Lyda','Grant','dale.orn@example.net','1-777-580-6828x9204','1995-04-18 06:01:03','1986-01-18 18:22:12'),(40,'Olga','Reinger','torp.lacy@example.org','869-740-1333','1999-07-28 09:12:43','2016-03-27 21:18:24'),(41,'Eloisa','Muller','aoberbrunner@example.com','06793779034','1972-06-19 06:36:35','1999-10-11 16:56:53'),(42,'Ellsworth','Orn','xrodriguez@example.net','238-639-8380','1990-07-13 15:37:09','1984-09-22 04:09:52'),(43,'Leslie','Heathcote','alaina93@example.net','498.367.6757x410','2007-04-02 12:46:57','1980-02-29 05:01:51'),(44,'Betsy','Corwin','juliet.deckow@example.org','1-792-845-8763','2004-03-03 18:21:29','2015-03-26 05:34:47'),(45,'Natasha','Cole','madison.walter@example.org','705-882-0188','2014-12-29 05:59:09','2001-06-09 21:26:30'),(46,'Velda','Prohaska','alda.kassulke@example.com','080.982.9382x68269','2018-05-04 19:14:18','2004-01-06 03:11:30'),(47,'Della','Ortiz','berge.cydney@example.net','828-179-1886','2000-02-29 00:15:09','2004-05-22 08:05:06'),(48,'Nico','Veum','fweissnat@example.net','06006732833','1992-08-10 16:57:36','1972-11-19 20:47:59'),(49,'Twila','Glover','roel.jenkins@example.net','(761)374-6040x1596','2009-07-15 10:23:37','2001-09-29 21:44:23'),(50,'Terence','Thompson','torp.bertram@example.com','441.377.0099','1971-05-26 01:00:48','1992-08-10 10:58:27'),(51,'Adolfo','Will','leola61@example.org','09510034609','2009-04-29 22:49:07','1994-11-16 03:12:52'),(52,'Ophelia','Emard','lang.oleta@example.net','1-082-721-3446x075','2018-01-31 14:14:47','2009-08-21 19:37:43'),(53,'Cristopher','Rippin','howe.vida@example.com','916.577.4359x3780','2019-11-29 12:51:49','1989-08-09 02:20:56'),(54,'Arnold','Baumbach','ostroman@example.net','00519480156','1974-12-07 14:56:36','1972-04-10 14:54:13'),(55,'Hallie','Witting','gklocko@example.net','04942140090','2003-12-13 22:55:59','1999-05-28 01:39:53'),(56,'Faye','Doyle','uriah.lind@example.com','801.868.5061x108','1993-08-10 22:30:06','2006-08-21 07:34:31'),(57,'Yasmin','Carroll','jenkins.amelia@example.org','1-014-845-5808x1963','1973-09-20 16:49:16','1994-06-25 20:23:58'),(58,'Maxime','Medhurst','davin11@example.net','628.307.9551x756','2008-02-03 17:32:23','1999-12-04 15:32:38'),(59,'Emery','Durgan','ike.mohr@example.org','1-875-886-0173x36588','1970-04-26 23:39:27','1971-06-24 13:21:00'),(60,'Vida','Mertz','faye.balistreri@example.net','(502)468-5334','1983-03-02 23:39:03','2016-06-01 11:55:40'),(61,'Haylie','Witting','arden.kerluke@example.org','591-349-4088x218','1992-03-19 09:50:58','1983-08-15 01:44:12'),(62,'Cayla','Heaney','domenic.konopelski@example.com','(455)342-4497','2012-04-30 18:46:09','2014-08-26 08:38:04'),(63,'Stone','Kreiger','zula32@example.org','324-371-3839x20117','1979-03-13 13:45:12','1975-12-16 23:54:09'),(64,'Vidal','Rutherford','cathy.cummerata@example.org','(495)144-9885','2006-03-11 12:22:58','2009-02-25 06:39:58'),(65,'Blanca','Bradtke','kiarra.dickinson@example.com','1-611-972-1187','1982-03-26 11:59:52','1996-09-17 01:31:37'),(66,'Dawson','Mitchell','hugh.kuphal@example.org','1-351-739-9953','2013-02-09 06:24:45','2006-12-10 08:56:01'),(67,'Ali','Wyman','pfannerstill.cassie@example.com','(420)313-8146','1978-03-20 13:58:58','1998-09-21 14:47:42'),(68,'Mossie','Hahn','o\'hara.skyla@example.net','1-807-264-6635x82941','2019-10-11 21:34:42','2015-09-22 04:08:34'),(69,'Emilia','Bechtelar','rosemary05@example.org','031.131.8595x140','2015-03-29 18:41:30','2015-11-10 19:10:03'),(70,'Hyman','Walsh','enid07@example.net','1-367-796-1532','1973-10-18 21:14:38','1985-05-14 05:12:14'),(71,'Darien','Harris','otilia50@example.com','1-073-804-8104x41991','1990-06-29 07:23:11','2006-07-15 01:54:49'),(72,'Linwood','DuBuque','heaney.erik@example.org','09293988206','2010-04-03 12:42:36','2015-09-11 14:30:38'),(73,'Davin','Veum','oreichert@example.org','1-343-027-0676x60541','1981-02-15 01:44:48','2019-01-17 11:45:45'),(74,'Norene','Kiehn','pasquale.effertz@example.com','317.778.9447','1997-09-05 10:00:49','1998-07-14 01:12:43'),(75,'Jaydon','Orn','fritsch.gerson@example.org','509.456.0049x595','1973-07-13 12:07:58','1989-05-01 08:45:23'),(76,'Kamren','Hamill','waters.mable@example.net','905-220-7259x868','1999-09-09 10:37:48','2007-12-16 03:53:20'),(77,'Conrad','Christiansen','bart.west@example.com','1-138-454-3660x698','1987-08-23 00:02:59','2007-01-11 17:41:46'),(78,'Beverly','Borer','tpaucek@example.com','+54(5)5960984881','2007-07-09 01:20:45','1980-04-04 06:06:59'),(79,'Alivia','Tillman','bradley59@example.org','+69(2)0057559063','2001-03-03 03:59:42','1972-05-28 06:26:45'),(80,'Salvatore','White','fveum@example.org','1-489-814-8483','2001-09-26 06:00:26','2018-08-07 20:03:18'),(81,'Cyril','Leannon','janae55@example.org','720.613.4543x294','2017-11-16 10:26:56','1973-07-20 11:47:17'),(82,'Candida','Weissnat','dconsidine@example.org','1-996-517-6942','2008-03-21 08:45:01','1985-02-10 14:31:55'),(83,'Harvey','Barrows','kilback.amani@example.org','(393)567-4078','2009-01-08 14:09:17','2012-01-01 04:27:11'),(84,'Ila','Ullrich','vmclaughlin@example.org','068.537.6931x13778','2015-01-07 15:19:09','2005-03-26 11:56:08'),(85,'Ayla','Bergnaum','marquise.schiller@example.org','09809563939','2012-08-16 06:18:42','2013-03-23 22:26:21'),(86,'Arely','Schowalter','laurel23@example.net','(271)463-6976','1973-07-29 18:04:47','1998-01-21 04:19:10'),(87,'Esther','O\'Conner','ortiz.audreanne@example.net','(408)188-4042','2004-06-26 03:36:27','2001-10-10 22:15:19'),(88,'Dallin','Douglas','hane.buster@example.com','1-926-248-5028','1988-06-09 06:54:52','2011-12-21 02:07:47'),(89,'Charlene','Murazik','nader.vita@example.net','1-000-488-7880','1975-12-15 20:08:05','2009-08-29 11:59:04'),(90,'Keven','Runte','hhintz@example.net','(333)299-2434x9172','2017-10-16 20:40:36','1981-09-09 17:37:58'),(91,'Benton','Steuber','erling40@example.net','195.925.3121','1986-10-16 12:32:50','2015-12-08 16:41:44'),(92,'Zoila','Price','ajohns@example.org','905.617.7044','1971-04-19 18:37:51','2002-04-21 20:51:14'),(93,'Dahlia','Altenwerth','kessler.lela@example.com','300-052-4169x033','1981-07-16 16:32:10','1997-03-23 11:15:24'),(94,'Delphia','Russel','iryan@example.com','(267)764-4267x312','2010-05-11 02:58:23','1982-12-14 16:58:33'),(95,'Andrew','Heaney','salvatore63@example.net','139-112-0368','2000-05-26 08:39:16','1980-03-23 19:24:31'),(96,'Isabella','Kuhn','noemy.johnson@example.net','(032)041-5873x20544','2018-10-21 14:30:43','2011-11-29 15:38:17'),(97,'Simeon','Parisian','yost.ryder@example.net','(381)730-2451x2198','1977-06-03 23:56:07','1994-11-28 20:36:32'),(98,'Viviane','Bernhard','dwight.heaney@example.com','202.304.8398x208','2007-11-08 03:22:04','2002-12-22 18:30:18'),(99,'Agnes','Murray','delta.rice@example.org','05299257610','2005-05-31 03:49:30','1970-07-20 07:51:42'),(100,'Terrill','McKenzie','hammes.annamae@example.net','865.725.1697','2003-08-28 16:33:58','1993-10-20 03:33:32');
/*!40000 ALTER TABLE `users` ENABLE KEYS */;
UNLOCK TABLES;
/*!40103 SET TIME_ZONE=@OLD_TIME_ZONE */;

/*!40101 SET SQL_MODE=@OLD_SQL_MODE */;
/*!40014 SET FOREIGN_KEY_CHECKS=@OLD_FOREIGN_KEY_CHECKS */;
/*!40014 SET UNIQUE_CHECKS=@OLD_UNIQUE_CHECKS */;
/*!40101 SET CHARACTER_SET_CLIENT=@OLD_CHARACTER_SET_CLIENT */;
/*!40101 SET CHARACTER_SET_RESULTS=@OLD_CHARACTER_SET_RESULTS */;
/*!40101 SET COLLATION_CONNECTION=@OLD_COLLATION_CONNECTION */;
/*!40111 SET SQL_NOTES=@OLD_SQL_NOTES */;

-- Dump completed on 2020-11-01 18:24:57
